user_id,sex_type
0,M
1,F
2,M
3,M
4,M
5,M
6,F
7,M
8,F
9,F
10,F
11,M
12,M
13,F
14,M
15,M
16,M
17,M
18,F
19,F
20,F
21,F
22,F
23,F
24,M
25,F
26,F
27,F
28,F
29,F
30,M
31,M
32,F
33,M
34,F
35,M
36,F
37,F
38,M
39,F
40,F
41,F
42,M
43,F
44,F
45,M
46,M
47,F
48,F
49,M
50,F
51,M
52,F
53,M
54,F
55,M
56,M
57,M
58,M
59,M
60,M
61,F
62,F
63,M
64,F
65,M
66,M
67,F
68,M
69,M
70,F
71,F
72,F
73,M
74,F
75,M
76,F
77,F
78,F
79,M
80,F
81,M
82,M
83,M
84,M
85,F
86,M
87,M
88,M
89,F
90,M
91,M
92,M
93,F
94,M
95,M
96,M
97,F
98,M
99,M
100,F
101,M
102,M
103,M
104,F
105,F
106,M
107,M
108,M
109,M
110,M
111,F
112,F
113,F
114,F
115,M
116,M
117,M
118,M
119,M
120,F
121,M
122,F
123,F
124,F
125,F
126,F
127,F
128,M
129,F
130,F
131,F
132,M
133,F
134,F
135,F
136,F
137,F
138,M
139,M
140,F
141,M
142,F
143,M
144,F
145,M
146,F
147,M
148,F
149,M
150,M
151,F
152,F
153,M
154,F
155,M
156,F
157,F
158,M
159,F
160,F
161,M
162,F
163,M
164,M
165,F
166,F
167,F
168,M
169,F
170,M
171,F
172,F
173,F
174,M
175,M
176,F
177,F
178,M
179,M
180,M
181,M
182,F
183,F
184,F
185,F
186,M
187,F
188,M
189,M
190,M
191,F
192,F
193,M
194,F
195,F
196,F
197,F
198,F
199,F
200,M
201,F
202,F
203,F
204,F
205,M
206,F
207,F
208,F
209,M
210,M
211,M
212,M
213,F
214,F
215,M
216,F
217,M
218,M
219,F
220,M
221,M
222,F
223,F
224,M
225,F
226,M
227,F
228,M
229,F
230,F
231,F
232,F
233,M
234,F
235,F
236,F
237,M
238,M
239,M
240,F
241,M
242,F
243,M
244,F
245,F
246,M
247,M
248,F
249,M
250,M
251,M
252,F
253,F
254,M
255,F
256,M
257,F
258,M
259,F
260,F
261,M
262,F
263,F
264,F
265,M
266,F
267,M
268,M
269,M
270,F
271,M
272,M
273,M
274,F
275,F
276,F
277,F
278,F
279,F
280,F
281,F
282,F
283,M
284,F
285,M
286,M
287,M
288,M
289,M
290,F
291,F
292,F
293,F
294,F
295,M
296,F
297,M
298,M
299,F
300,F
301,F
302,F
303,M
304,F
305,M
306,F
307,M
308,F
309,M
310,F
311,F
312,F
313,M
314,F
315,M
316,F
317,F
318,F
319,M
320,F
321,F
322,F
323,M
324,F
325,F
326,M
327,M
328,M
329,M
330,F
331,M
332,F
333,F
334,F
335,M
336,M
337,F
338,M
339,F
340,M
341,F
342,M
343,F
344,F
345,F
346,M
347,M
348,F
349,M
350,M
351,F
352,F
353,F
354,F
355,F
356,F
357,F
358,M
359,F
360,F
361,M
362,F
363,F
364,M
365,M
366,F
367,F
368,M
369,F
370,M
371,M
372,M
373,M
374,M
375,F
376,F
377,M
378,F
379,F
380,F
381,M
382,F
383,M
384,F
385,F
386,M
387,F
388,F
389,M
390,F
391,F
392,F
393,M
394,F
395,M
396,F
397,M
398,F
399,M
400,M
401,M
402,F
403,F
404,M
405,M
406,F
407,M
408,F
409,F
410,F
411,F
412,M
413,F
414,M
415,M
416,F
417,F
418,F
419,M
420,M
421,F
422,F
423,M
424,F
425,M
426,F
427,M
428,M
429,F
430,F
431,F
432,M
433,M
434,F
435,M
436,F
437,F
438,F
439,M
440,F
441,F
442,M
443,M
444,M
445,F
446,F
447,M
448,M
449,M
450,M
451,F
452,F
453,F
454,M
455,M
456,M
457,M
458,F
459,F
460,M
461,M
462,F
463,F
464,M
465,F
466,M
467,F
468,M
469,F
470,F
471,M
472,F
473,M
474,F
475,F
476,M
477,F
478,M
479,F
480,M
481,F
482,F
483,M
484,F
485,F
486,M
487,M
488,F
489,F
490,M
491,M
492,M
493,M
494,M
495,F
496,M
497,F
498,M
499,M
500,F
501,F
502,F
503,M
504,M
505,F
506,M
507,M
508,M
509,M
510,M
511,M
512,M
513,F
514,F
515,F
516,F
517,M
518,F
519,F
520,M
521,M
522,M
523,F
524,M
525,F
526,F
527,M
528,M
529,M
530,F
531,F
532,F
533,M
534,F
535,M
536,F
537,F
538,M
539,F
540,F
541,M
542,M
543,M
544,F
545,M
546,M
547,F
548,F
549,F
550,F
551,F
552,F
553,M
554,F
555,M
556,M
557,F
558,F
559,F
560,F
561,M
562,M
563,F
564,F
565,F
566,F
567,M
568,M
569,M
570,M
571,F
572,F
573,F
574,M
575,F
576,F
577,F
578,M
579,F
580,F
581,F
582,M
583,F
584,M
585,M
586,F
587,M
588,F
589,F
590,M
591,M
592,F
593,M
594,M
595,F
596,M
597,M
598,M
599,F
600,F
601,M
602,M
603,F
604,F
605,M
606,F
607,F
608,M
609,F
610,M
611,M
612,F
613,M
614,F
615,F
616,M
617,M
618,F
619,F
620,M
621,F
622,F
623,F
624,M
625,M
626,F
627,M
628,M
629,F
630,M
631,M
632,M
633,F
634,F
635,F
636,M
637,F
638,M
639,M
640,M
641,F
642,M
643,M
644,M
645,F
646,F
647,M
648,M
649,M
650,F
651,F
652,M
653,F
654,M
655,M
656,M
657,M
658,M
659,M
660,F
661,F
662,M
663,F
664,F
665,M
666,F
667,M
668,F
669,M
670,M
671,F
672,M
673,M
674,F
675,M
676,M
677,F
678,F
679,M
680,F
681,F
682,M
683,F
684,F
685,F
686,M
687,M
688,F
689,F
690,F
691,M
692,F
693,F
694,M
695,F
696,M
697,M
698,M
699,F
700,F
701,M
702,F
703,F
704,F
705,M
706,M
707,F
708,F
709,M
710,M
711,F
712,F
713,F
714,F
715,F
716,M
717,F
718,F
719,F
720,F
721,F
722,M
723,F
724,F
725,F
726,F
727,M
728,F
729,F
730,M
731,M
732,M
733,F
734,M
735,F
736,F
737,F
738,M
739,F
740,M
741,M
742,M
743,M
744,F
745,M
746,F
747,F
748,F
749,F
750,M
751,M
752,M
753,F
754,M
755,F
756,F
757,M
758,F
759,M
760,M
761,F
762,M
763,F
764,F
765,M
766,M
767,F
768,M
769,F
770,F
771,F
772,M
773,F
774,F
775,M
776,M
777,M
778,M
779,M
780,M
781,M
782,M
783,M
784,M
785,M
786,M
787,M
788,F
789,M
790,M
791,F
792,M
793,F
794,M
795,M
796,M
797,M
798,F
799,M
800,F
801,F
802,M
803,F
804,M
805,M
806,F
807,M
808,M
809,F
810,M
811,M
812,F
813,F
814,F
815,F
816,F
817,M
818,F
819,F
820,M
821,M
822,F
823,F
824,F
825,M
826,F
827,M
828,F
829,M
830,F
831,M
832,M
833,F
834,F
835,M
836,F
837,F
838,M
839,F
840,M
841,F
842,F
843,F
844,M
845,M
846,M
847,F
848,F
849,M
850,M
851,F
852,M
853,F
854,M
855,M
856,M
857,M
858,F
859,M
860,F
861,M
862,F
863,F
864,F
865,M
866,M
867,F
868,F
869,F
870,F
871,F
872,F
873,F
874,F
875,M
876,M
877,M
878,M
879,F
880,M
881,F
882,F
883,M
884,F
885,M
886,F
887,F
888,M
889,M
890,M
891,F
892,M
893,M
894,M
895,M
896,M
897,M
898,F
899,F
900,F
901,F
902,M
903,M
904,M
905,F
906,F
907,M
908,M
909,M
910,M
911,M
912,F
913,F
914,M
915,F
916,M
917,F
918,F
919,M
920,M
921,F
922,F
923,M
924,F
925,F
926,F
927,M
928,M
929,M
930,F
931,F
932,F
933,M
934,F
935,M
936,M
937,F
938,F
939,F
940,M
941,F
942,M
943,M
944,M
945,M
946,F
947,F
948,M
949,M
950,M
951,M
952,M
953,M
954,M
955,F
956,M
957,M
958,M
959,F
960,F
961,M
962,M
963,F
964,F
965,F
966,M
967,F
968,F
969,F
970,M
971,M
972,M
973,F
974,M
975,M
976,M
977,F
978,M
979,F
980,F
981,M
982,M
983,M
984,F
985,F
986,F
987,M
988,F
989,M
990,F
991,M
992,F
993,F
994,M
995,M
996,F
997,M
998,F
999,F
1000,F
1001,M
1002,F
1003,M
1004,F
1005,F
1006,M
1007,M
1008,F
1009,F
1010,F
1011,F
1012,M
1013,M
1014,M
1015,F
1016,F
1017,M
1018,M
1019,M
1020,F
1021,M
1022,M
1023,F
1024,M
1025,M
1026,M
1027,F
1028,F
1029,M
1030,F
1031,F
1032,M
1033,M
1034,F
1035,M
1036,F
1037,M
1038,M
1039,F
1040,M
1041,M
1042,M
1043,M
1044,F
1045,M
1046,M
1047,F
1048,M
1049,M
1050,M
1051,F
1052,M
1053,M
1054,F
1055,M
1056,M
1057,F
1058,M
1059,M
1060,M
1061,F
1062,F
1063,M
1064,F
1065,M
1066,M
1067,M
1068,M
1069,F
1070,F
1071,M
1072,M
1073,F
1074,M
1075,F
1076,M
1077,M
1078,F
1079,M
1080,M
1081,M
1082,M
1083,F
1084,M
1085,F
1086,M
1087,F
1088,F
1089,M
1090,M
1091,F
1092,M
1093,F
1094,M
1095,F
1096,F
1097,F
1098,F
1099,M
1100,M
1101,M
1102,F
1103,F
1104,M
1105,M
1106,M
1107,F
1108,F
1109,M
1110,F
1111,M
1112,F
1113,M
1114,F
1115,M
1116,M
1117,M
1118,F
1119,M
1120,F
1121,F
1122,M
1123,F
1124,F
1125,F
1126,F
1127,M
1128,F
1129,F
1130,M
1131,M
1132,M
1133,F
1134,F
1135,M
1136,M
1137,F
1138,F
1139,M
1140,M
1141,M
1142,F
1143,F
1144,F
1145,F
1146,F
1147,M
1148,F
1149,F
1150,M
1151,M
1152,M
1153,F
1154,F
1155,F
1156,F
1157,M
1158,M
1159,M
1160,M
1161,F
1162,F
1163,M
1164,F
1165,M
1166,F
1167,M
1168,F
1169,M
1170,F
1171,F
1172,M
1173,M
1174,M
1175,F
1176,M
1177,F
1178,F
1179,M
1180,F
1181,M
1182,F
1183,F
1184,M
1185,F
1186,F
1187,M
1188,F
1189,F
1190,F
1191,F
1192,F
1193,F
1194,F
1195,M
1196,F
1197,F
1198,F
1199,F
1200,M
1201,F
1202,M
1203,M
1204,F
1205,F
1206,M
1207,F
1208,M
1209,F
1210,M
1211,M
1212,M
1213,F
1214,F
1215,F
1216,F
1217,M
1218,M
1219,M
1220,M
1221,F
1222,F
1223,M
1224,F
1225,M
1226,M
1227,F
1228,M
1229,F
1230,F
1231,F
1232,M
1233,M
1234,M
1235,F
1236,M
1237,F
1238,F
1239,M
1240,F
1241,M
1242,M
1243,M
1244,M
1245,M
1246,F
1247,F
1248,F
1249,F
1250,F
1251,M
1252,M
1253,M
1254,F
1255,F
1256,M
1257,M
1258,M
1259,M
1260,M
1261,F
1262,F
1263,M
1264,F
1265,F
1266,M
1267,M
1268,M
1269,M
1270,M
1271,F
1272,F
1273,F
1274,F
1275,M
1276,M
1277,M
1278,F
1279,M
1280,F
1281,F
1282,M
1283,M
1284,F
1285,M
1286,M
1287,F
1288,F
1289,F
1290,F
1291,M
1292,M
1293,M
1294,M
1295,M
1296,F
1297,F
1298,F
1299,M
1300,F
1301,F
1302,M
1303,F
1304,F
1305,M
1306,F
1307,F
1308,M
1309,F
1310,F
1311,F
1312,F
1313,M
1314,M
1315,F
1316,F
1317,F
1318,F
1319,M
1320,M
1321,M
1322,M
1323,F
1324,M
1325,M
1326,M
1327,F
1328,F
1329,M
1330,M
1331,F
1332,M
1333,M
1334,M
1335,F
1336,F
1337,M
1338,M
1339,F
1340,M
1341,F
1342,F
1343,M
1344,F
1345,F
1346,M
1347,M
1348,F
1349,F
1350,M
1351,M
1352,M
1353,F
1354,M
1355,F
1356,F
1357,M
1358,M
1359,M
1360,M
1361,F
1362,M
1363,F
1364,F
1365,F
1366,F
1367,F
1368,M
1369,F
1370,M
1371,M
1372,M
1373,M
1374,F
1375,F
1376,F
1377,F
1378,F
1379,F
1380,M
1381,F
1382,F
1383,F
1384,F
1385,F
1386,M
1387,M
1388,M
1389,M
1390,F
1391,M
1392,M
1393,M
1394,F
1395,M
1396,F
1397,M
1398,F
1399,M
1400,M
1401,M
1402,F
1403,M
1404,F
1405,F
1406,F
1407,F
1408,F
1409,F
1410,M
1411,F
1412,F
1413,M
1414,F
1415,F
1416,F
1417,M
1418,M
1419,F
1420,M
1421,M
1422,M
1423,M
1424,M
1425,F
1426,M
1427,F
1428,F
1429,M
1430,F
1431,M
1432,M
1433,F
1434,F
1435,M
1436,F
1437,M
1438,M
1439,M
1440,M
1441,M
1442,M
1443,F
1444,F
1445,F
1446,F
1447,F
1448,F
1449,M
1450,F
1451,F
1452,M
1453,F
1454,F
1455,F
1456,F
1457,M
1458,M
1459,M
1460,F
1461,M
1462,M
1463,F
1464,M
1465,M
1466,F
1467,F
1468,F
1469,F
1470,M
1471,F
1472,F
1473,M
1474,M
1475,F
1476,F
1477,F
1478,M
1479,F
1480,F
1481,M
1482,F
1483,M
1484,F
1485,M
1486,M
1487,F
1488,M
1489,F
1490,M
1491,F
1492,F
1493,F
1494,F
1495,F
1496,M
1497,M
1498,M
1499,M
1500,F
1501,F
1502,F
1503,F
1504,M
1505,F
1506,F
1507,F
1508,F
1509,M
1510,M
1511,M
1512,M
1513,F
1514,M
1515,F
1516,M
1517,F
1518,M
1519,M
1520,M
1521,M
1522,M
1523,F
1524,F
1525,M
1526,M
1527,F
1528,F
1529,M
1530,M
1531,M
1532,M
1533,M
1534,F
1535,M
1536,M
1537,M
1538,M
1539,F
1540,M
1541,F
1542,M
1543,M
1544,M
1545,M
1546,M
1547,F
1548,M
1549,M
1550,F
1551,F
1552,M
1553,F
1554,F
1555,M
1556,F
1557,F
1558,F
1559,F
1560,M
1561,F
1562,F
1563,F
1564,M
1565,M
1566,F
1567,M
1568,F
1569,M
1570,F
1571,F
1572,F
1573,F
1574,M
1575,M
1576,F
1577,F
1578,F
1579,M
1580,F
1581,M
1582,F
1583,M
1584,M
1585,F
1586,F
1587,M
1588,M
1589,M
1590,F
1591,F
1592,F
1593,F
1594,F
1595,M
1596,F
1597,M
1598,M
1599,F
1600,F
1601,M
1602,F
1603,M
1604,F
1605,M
1606,F
1607,M
1608,F
1609,F
1610,M
1611,M
1612,M
1613,F
1614,M
1615,F
1616,F
1617,M
1618,M
1619,M
1620,F
1621,M
1622,F
1623,F
1624,M
1625,F
1626,M
1627,F
1628,F
1629,F
1630,F
1631,M
1632,F
1633,M
1634,F
1635,F
1636,F
1637,M
1638,M
1639,M
1640,M
1641,M
1642,F
1643,F
1644,M
1645,F
1646,M
1647,F
1648,M
1649,F
1650,M
1651,M
1652,M
1653,M
1654,F
1655,M
1656,M
1657,M
1658,F
1659,F
1660,M
1661,M
1662,F
1663,F
1664,M
1665,M
1666,F
1667,M
1668,F
1669,M
1670,M
1671,M
1672,M
1673,M
1674,F
1675,F
1676,F
1677,F
1678,M
1679,M
1680,M
1681,F
1682,M
1683,M
1684,M
1685,F
1686,M
1687,F
1688,M
1689,F
1690,M
1691,M
1692,F
1693,M
1694,F
1695,M
1696,F
1697,F
1698,F
1699,F
1700,F
1701,M
1702,F
1703,M
1704,F
1705,M
1706,F
1707,M
1708,F
1709,F
1710,F
1711,M
1712,M
1713,M
1714,F
1715,F
1716,F
1717,M
1718,M
1719,F
1720,M
1721,M
1722,M
1723,F
1724,F
1725,F
1726,M
1727,M
1728,F
1729,F
1730,F
1731,F
1732,F
1733,M
1734,F
1735,M
1736,F
1737,F
1738,M
1739,M
1740,F
1741,F
1742,F
1743,F
1744,M
1745,M
1746,F
1747,M
1748,F
1749,M
1750,F
1751,M
1752,F
1753,F
1754,F
1755,M
1756,M
1757,F
1758,M
1759,F
1760,F
1761,M
1762,F
1763,F
1764,M
1765,F
1766,M
1767,M
1768,M
1769,M
1770,M
1771,F
1772,F
1773,F
1774,F
1775,F
1776,F
1777,M
1778,F
1779,F
1780,F
1781,F
1782,M
1783,M
1784,F
1785,M
1786,F
1787,F
1788,M
1789,F
1790,F
1791,F
1792,F
1793,M
1794,F
1795,M
1796,M
1797,M
1798,M
1799,M
1800,M
1801,M
1802,M
1803,M
1804,F
1805,M
1806,F
1807,F
1808,M
1809,M
1810,M
1811,F
1812,F
1813,F
1814,F
1815,M
1816,M
1817,M
1818,F
1819,F
1820,F
1821,M
1822,F
1823,M
1824,F
1825,M
1826,M
1827,F
1828,F
1829,F
1830,M
1831,M
1832,M
1833,F
1834,F
1835,F
1836,F
1837,F
1838,M
1839,M
1840,F
1841,M
1842,F
1843,M
1844,M
1845,F
1846,F
1847,M
1848,M
1849,M
1850,M
1851,F
1852,M
1853,M
1854,M
1855,F
1856,F
1857,F
1858,M
1859,F
1860,F
1861,M
1862,F
1863,M
1864,F
1865,M
1866,M
1867,F
1868,F
1869,M
1870,M
1871,M
1872,M
1873,F
1874,M
1875,F
1876,F
1877,M
1878,F
1879,F
1880,F
1881,F
1882,F
1883,M
1884,M
1885,F
1886,F
1887,F
1888,F
1889,M
1890,F
1891,M
1892,M
1893,M
1894,F
1895,M
1896,F
1897,F
1898,M
1899,M
1900,M
1901,F
1902,F
1903,F
1904,F
1905,F
1906,F
1907,M
1908,M
1909,M
1910,F
1911,M
1912,F
1913,F
1914,M
1915,F
1916,F
1917,M
1918,M
1919,M
1920,F
1921,M
1922,M
1923,F
1924,F
1925,F
1926,M
1927,M
1928,F
1929,M
1930,F
1931,M
1932,F
1933,M
1934,F
1935,M
1936,M
1937,F
1938,M
1939,M
1940,M
1941,F
1942,M
1943,F
1944,F
1945,F
1946,M
1947,M
1948,M
1949,M
1950,F
1951,F
1952,F
1953,F
1954,M
1955,F
1956,F
1957,F
1958,F
1959,F
1960,F
1961,M
1962,F
1963,F
1964,M
1965,M
1966,F
1967,F
1968,F
1969,F
1970,F
1971,F
1972,F
1973,M
1974,M
1975,M
1976,M
1977,M
1978,F
1979,F
1980,M
1981,M
1982,M
1983,F
1984,F
1985,F
1986,F
1987,F
1988,F
1989,F
1990,F
1991,M
1992,M
1993,M
1994,M
1995,M
1996,M
1997,F
1998,F
1999,F
2000,M
2001,M
2002,M
2003,M
2004,M
2005,F
2006,F
2007,F
2008,F
2009,M
2010,F
2011,M
2012,M
2013,M
2014,M
2015,M
2016,F
2017,M
2018,M
2019,M
2020,F
2021,F
2022,F
2023,F
2024,F
2025,M
2026,M
2027,M
2028,M
2029,F
2030,M
2031,F
2032,M
2033,M
2034,F
2035,F
2036,M
2037,M
2038,F
2039,M
2040,M
2041,M
2042,F
2043,M
2044,F
2045,M
2046,F
2047,F
2048,M
2049,M
2050,F
2051,F
2052,M
2053,M
2054,M
2055,F
2056,M
2057,M
2058,M
2059,M
2060,M
2061,M
2062,M
2063,F
2064,M
2065,F
2066,M
2067,F
2068,M
2069,M
2070,M
2071,F
2072,F
2073,M
2074,F
2075,F
2076,M
2077,F
2078,M
2079,M
2080,M
2081,M
2082,M
2083,M
2084,F
2085,M
2086,F
2087,M
2088,M
2089,M
2090,F
2091,M
2092,F
2093,F
2094,M
2095,F
2096,M
2097,M
2098,F
2099,F
2100,F
2101,F
2102,M
2103,M
2104,F
2105,M
2106,M
2107,F
2108,M
2109,F
2110,F
2111,F
2112,M
2113,M
2114,F
2115,M
2116,F
2117,F
2118,F
2119,M
2120,M
2121,M
2122,F
2123,F
2124,F
2125,M
2126,F
2127,M
2128,M
2129,M
2130,F
2131,F
2132,M
2133,F
2134,M
2135,F
2136,F
2137,M
2138,F
2139,F
2140,M
2141,F
2142,M
2143,F
2144,M
2145,F
2146,F
2147,F
2148,M
2149,F
2150,F
2151,F
2152,F
2153,F
2154,F
2155,F
2156,F
2157,M
2158,M
2159,F
2160,M
2161,F
2162,F
2163,M
2164,M
2165,M
2166,F
2167,F
2168,F
2169,M
2170,F
2171,M
2172,M
2173,F
2174,F
2175,F
2176,M
2177,M
2178,M
2179,F
2180,M
2181,F
2182,F
2183,M
2184,M
2185,F
2186,M
2187,F
2188,M
2189,M
2190,F
2191,F
2192,F
2193,M
2194,M
2195,F
2196,M
2197,M
2198,M
2199,M
2200,F
2201,F
2202,M
2203,F
2204,F
2205,F
2206,M
2207,F
2208,F
2209,M
2210,F
2211,F
2212,F
2213,M
2214,M
2215,M
2216,F
2217,F
2218,M
2219,M
2220,M
2221,F
2222,M
2223,F
2224,M
2225,M
2226,F
2227,M
2228,M
2229,M
2230,F
2231,F
2232,M
2233,F
2234,M
2235,M
2236,M
2237,F
2238,M
2239,M
2240,M
2241,M
2242,F
2243,M
2244,M
2245,M
2246,M
2247,M
2248,M
2249,M
2250,M
2251,M
2252,F
2253,F
2254,M
2255,F
2256,M
2257,M
2258,M
2259,F
2260,M
2261,F
2262,F
2263,M
2264,M
2265,M
2266,M
2267,F
2268,F
2269,M
2270,F
2271,F
2272,F
2273,M
2274,F
2275,M
2276,M
2277,M
2278,M
2279,M
2280,M
2281,M
2282,F
2283,F
2284,F
2285,F
2286,M
2287,F
2288,M
2289,F
2290,F
2291,M
2292,F
2293,M
2294,M
2295,F
2296,F
2297,M
2298,M
2299,F
2300,M
2301,F
2302,F
2303,M
2304,M
2305,F
2306,F
2307,M
2308,F
2309,M
2310,M
2311,M
2312,F
2313,F
2314,M
2315,M
2316,M
2317,M
2318,M
2319,F
2320,M
2321,F
2322,M
2323,M
2324,F
2325,M
2326,F
2327,M
2328,F
2329,M
2330,F
2331,M
2332,F
2333,F
2334,F
2335,M
2336,M
2337,F
2338,F
2339,F
2340,F
2341,M
2342,F
2343,M
2344,F
2345,M
2346,F
2347,M
2348,M
2349,M
2350,F
2351,M
2352,M
2353,M
2354,F
2355,M
2356,F
2357,F
2358,M
2359,M
2360,M
2361,M
2362,M
2363,M
2364,M
2365,M
2366,F
2367,F
2368,F
2369,M
2370,M
2371,F
2372,M
2373,F
2374,M
2375,F
2376,F
2377,M
2378,F
2379,M
2380,M
2381,M
2382,M
2383,M
2384,F
2385,M
2386,F
2387,M
2388,F
2389,M
2390,F
2391,M
2392,M
2393,F
2394,M
2395,M
2396,F
2397,F
2398,F
2399,M
2400,M
2401,M
2402,F
2403,F
2404,M
2405,F
2406,M
2407,M
2408,F
2409,M
2410,M
2411,M
2412,F
2413,M
2414,M
2415,M
2416,M
2417,F
2418,M
2419,F
2420,M
2421,M
2422,F
2423,F
2424,F
2425,M
2426,M
2427,M
2428,F
2429,F
2430,M
2431,M
2432,M
2433,M
2434,F
2435,F
2436,F
2437,M
2438,M
2439,F
2440,M
2441,F
2442,M
2443,M
2444,F
2445,F
2446,M
2447,F
2448,F
2449,M
2450,F
2451,M
2452,F
2453,M
2454,F
2455,M
2456,F
2457,M
2458,F
2459,F
2460,F
2461,M
2462,F
2463,M
2464,M
2465,F
2466,M
2467,F
2468,M
2469,M
2470,F
2471,F
2472,M
2473,M
2474,F
2475,M
2476,F
2477,M
2478,M
2479,M
2480,F
2481,M
2482,M
2483,M
2484,F
2485,F
2486,M
2487,M
2488,M
2489,M
2490,M
2491,M
2492,M
2493,M
2494,F
2495,M
2496,M
2497,F
2498,M
2499,F
2500,F
2501,M
2502,M
2503,F
2504,M
2505,M
2506,M
2507,M
2508,F
2509,M
2510,M
2511,F
2512,F
2513,M
2514,M
2515,F
2516,F
2517,M
2518,M
2519,F
2520,F
2521,M
2522,M
2523,F
2524,M
2525,F
2526,M
2527,F
2528,M
2529,M
2530,M
2531,M
2532,F
2533,F
2534,M
2535,F
2536,F
2537,M
2538,F
2539,M
2540,M
2541,F
2542,M
2543,M
2544,M
2545,M
2546,F
2547,M
2548,F
2549,F
2550,M
2551,M
2552,M
2553,M
2554,M
2555,M
2556,F
2557,M
2558,M
2559,F
2560,F
2561,M
2562,F
2563,F
2564,M
2565,M
2566,F
2567,M
2568,M
2569,F
2570,F
2571,M
2572,M
2573,M
2574,M
2575,M
2576,F
2577,F
2578,F
2579,F
2580,M
2581,F
2582,F
2583,F
2584,M
2585,M
2586,F
2587,F
2588,M
2589,M
2590,F
2591,M
2592,F
2593,M
2594,M
2595,F
2596,M
2597,M
2598,F
2599,F
2600,M
2601,F
2602,F
2603,F
2604,F
2605,F
2606,M
2607,F
2608,M
2609,F
2610,M
2611,F
2612,F
2613,F
2614,M
2615,F
2616,F
2617,F
2618,F
2619,F
2620,F
2621,F
2622,M
2623,F
2624,M
2625,F
2626,M
2627,M
2628,F
2629,F
2630,M
2631,F
2632,F
2633,M
2634,F
2635,M
2636,F
2637,F
2638,M
2639,F
2640,F
2641,M
2642,F
2643,F
2644,F
2645,M
2646,M
2647,F
2648,M
2649,M
2650,F
2651,F
2652,M
2653,M
2654,M
2655,M
2656,M
2657,F
2658,F
2659,M
2660,F
2661,M
2662,F
2663,M
2664,M
2665,M
2666,M
2667,F
2668,M
2669,F
2670,M
2671,M
2672,F
2673,M
2674,F
2675,M
2676,F
2677,M
2678,F
2679,M
2680,M
2681,M
2682,M
2683,M
2684,F
2685,M
2686,F
2687,M
2688,M
2689,F
2690,F
2691,M
2692,F
2693,M
2694,F
2695,F
2696,F
2697,F
2698,M
2699,M
2700,M
2701,M
2702,F
2703,M
2704,M
2705,F
2706,F
2707,M
2708,M
2709,M
2710,F
2711,F
2712,M
2713,M
2714,F
2715,M
2716,M
2717,F
2718,F
2719,F
2720,F
2721,F
2722,M
2723,F
2724,F
2725,M
2726,M
2727,M
2728,F
2729,F
2730,M
2731,F
2732,F
2733,F
2734,M
2735,F
2736,M
2737,F
2738,M
2739,F
2740,M
2741,F
2742,F
2743,M
2744,F
2745,F
2746,F
2747,M
2748,M
2749,M
2750,M
2751,F
2752,F
2753,M
2754,M
2755,F
2756,M
2757,M
2758,M
2759,M
2760,F
2761,M
2762,M
2763,M
2764,F
2765,M
2766,F
2767,M
2768,M
2769,M
2770,M
2771,M
2772,F
2773,F
2774,M
2775,F
2776,M
2777,F
2778,M
2779,F
2780,M
2781,F
2782,F
2783,M
2784,F
2785,M
2786,F
2787,M
2788,M
2789,F
2790,F
2791,M
2792,F
2793,M
2794,F
2795,F
2796,M
2797,M
2798,M
2799,F
2800,F
2801,F
2802,F
2803,F
2804,M
2805,F
2806,F
2807,M
2808,F
2809,F
2810,F
2811,M
2812,F
2813,M
2814,F
2815,F
2816,F
2817,M
2818,M
2819,F
2820,F
2821,F
2822,M
2823,M
2824,F
2825,M
2826,M
2827,M
2828,M
2829,M
2830,M
2831,F
2832,F
2833,F
2834,M
2835,F
2836,M
2837,M
2838,F
2839,F
2840,F
2841,F
2842,M
2843,M
2844,F
2845,M
2846,M
2847,M
2848,F
2849,F
2850,M
2851,M
2852,M
2853,F
2854,F
2855,M
2856,M
2857,F
2858,F
2859,F
2860,M
2861,F
2862,F
2863,F
2864,M
2865,F
2866,M
2867,F
2868,F
2869,F
2870,M
2871,M
2872,F
2873,F
2874,M
2875,F
2876,M
2877,F
2878,F
2879,F
2880,F
2881,M
2882,M
2883,M
2884,F
2885,M
2886,F
2887,M
2888,M
2889,F
2890,F
2891,M
2892,F
2893,F
2894,F
2895,F
2896,F
2897,M
2898,F
2899,M
2900,F
2901,F
2902,M
2903,M
2904,M
2905,F
2906,M
2907,F
2908,F
2909,M
2910,F
2911,F
2912,M
2913,F
2914,F
2915,M
2916,F
2917,M
2918,M
2919,M
2920,M
2921,M
2922,M
2923,M
2924,F
2925,F
2926,F
2927,M
2928,M
2929,M
2930,F
2931,F
2932,M
2933,M
2934,M
2935,M
2936,M
2937,M
2938,M
2939,M
2940,F
2941,F
2942,M
2943,M
2944,M
2945,M
2946,F
2947,M
2948,F
2949,F
2950,M
2951,M
2952,F
2953,F
2954,M
2955,F
2956,M
2957,F
2958,F
2959,M
2960,F
2961,M
2962,F
2963,F
2964,M
2965,F
2966,F
2967,M
2968,M
2969,F
2970,M
2971,M
2972,F
2973,F
2974,M
2975,F
2976,M
2977,F
2978,M
2979,F
2980,M
2981,F
2982,F
2983,M
2984,F
2985,F
2986,F
2987,F
2988,F
2989,M
2990,F
2991,F
2992,F
2993,M
2994,F
2995,M
2996,M
2997,F
2998,M
2999,M
3000,F
3001,M
3002,F
3003,F
3004,F
3005,M
3006,F
3007,F
3008,M
3009,M
3010,F
3011,F
3012,M
3013,F
3014,M
3015,F
3016,M
3017,F
3018,F
3019,F
3020,M
3021,F
3022,M
3023,F
3024,F
3025,M
3026,M
3027,F
3028,M
3029,M
3030,M
3031,F
3032,M
3033,M
3034,F
3035,F
3036,M
3037,F
3038,M
3039,M
3040,F
3041,F
3042,F
3043,F
3044,F
3045,M
3046,M
3047,F
3048,F
3049,M
3050,F
3051,F
3052,F
3053,M
3054,M
3055,M
3056,F
3057,F
3058,M
3059,M
3060,F
3061,F
3062,F
3063,M
3064,M
3065,F
3066,M
3067,F
3068,F
3069,F
3070,M
3071,F
3072,M
3073,F
3074,F
3075,M
3076,M
3077,F
3078,F
3079,F
3080,M
3081,F
3082,F
3083,F
3084,M
3085,F
3086,M
3087,M
3088,F
3089,F
3090,M
3091,F
3092,F
3093,M
3094,F
3095,M
3096,F
3097,F
3098,M
3099,F
3100,F
3101,F
3102,F
3103,M
3104,M
3105,F
3106,M
3107,M
3108,M
3109,F
3110,M
3111,M
3112,M
3113,F
3114,F
3115,F
3116,M
3117,M
3118,M
3119,M
3120,F
3121,M
3122,M
3123,F
3124,F
3125,F
3126,M
3127,M
3128,M
3129,M
3130,F
3131,F
3132,M
3133,M
3134,F
3135,F
3136,F
3137,M
3138,F
3139,M
3140,M
3141,M
3142,F
3143,M
3144,M
3145,M
3146,M
3147,F
3148,F
3149,M
3150,F
3151,M
3152,F
3153,M
3154,M
3155,F
3156,M
3157,M
3158,M
3159,M
3160,F
3161,M
3162,M
3163,M
3164,F
3165,F
3166,M
3167,M
3168,F
3169,F
3170,F
3171,F
3172,M
3173,M
3174,M
3175,F
3176,M
3177,F
3178,F
3179,M
3180,M
3181,F
3182,M
3183,M
3184,M
3185,M
3186,F
3187,F
3188,F
3189,F
3190,F
3191,M
3192,M
3193,M
3194,M
3195,F
3196,F
3197,M
3198,F
3199,M
3200,M
3201,M
3202,M
3203,F
3204,M
3205,F
3206,M
3207,M
3208,M
3209,F
3210,F
3211,M
3212,F
3213,F
3214,M
3215,F
3216,F
3217,M
3218,F
3219,F
3220,M
3221,M
3222,M
3223,M
3224,F
3225,F
3226,F
3227,F
3228,F
3229,M
3230,F
3231,F
3232,M
3233,M
3234,F
3235,M
3236,M
3237,F
3238,F
3239,F
3240,M
3241,M
3242,F
3243,M
3244,F
3245,F
3246,F
3247,F
3248,F
3249,F
3250,F
3251,F
3252,F
3253,M
3254,M
3255,M
3256,F
3257,F
3258,F
3259,F
3260,M
3261,M
3262,M
3263,M
3264,M
3265,F
3266,F
3267,M
3268,M
3269,F
3270,F
3271,F
3272,M
3273,M
3274,M
3275,F
3276,M
3277,M
3278,F
3279,M
3280,F
3281,M
3282,F
3283,F
3284,F
3285,F
3286,M
3287,M
3288,M
3289,M
3290,M
3291,M
3292,F
3293,F
3294,M
3295,F
3296,F
3297,F
3298,F
3299,F
3300,F
3301,M
3302,F
3303,M
3304,M
3305,F
3306,F
3307,F
3308,F
3309,F
3310,M
3311,F
3312,F
3313,F
3314,M
3315,M
3316,M
3317,M
3318,M
3319,F
3320,F
3321,M
3322,M
3323,M
3324,M
3325,F
3326,M
3327,F
3328,F
3329,F
3330,M
3331,F
3332,F
3333,M
3334,F
3335,F
3336,M
3337,F
3338,F
3339,M
3340,M
3341,F
3342,F
3343,M
3344,F
3345,F
3346,F
3347,F
3348,F
3349,M
3350,F
3351,M
3352,M
3353,M
3354,M
3355,M
3356,F
3357,F
3358,F
3359,F
3360,M
3361,M
3362,F
3363,M
3364,M
3365,M
3366,M
3367,M
3368,F
3369,F
3370,M
3371,M
3372,M
3373,F
3374,F
3375,M
3376,M
3377,M
3378,M
3379,F
3380,F
3381,F
3382,M
3383,M
3384,M
3385,M
3386,F
3387,M
3388,M
3389,M
3390,F
3391,F
3392,M
3393,F
3394,M
3395,F
3396,M
3397,M
3398,M
3399,F
3400,F
3401,F
3402,F
3403,M
3404,F
3405,M
3406,M
3407,F
3408,M
3409,F
3410,M
3411,F
3412,F
3413,M
3414,F
3415,F
3416,M
3417,M
3418,F
3419,F
3420,F
3421,M
3422,F
3423,F
3424,M
3425,F
3426,F
3427,M
3428,M
3429,M
3430,M
3431,M
3432,F
3433,M
3434,M
3435,M
3436,F
3437,F
3438,F
3439,F
3440,M
3441,M
3442,M
3443,M
3444,M
3445,F
3446,F
3447,F
3448,F
3449,F
3450,M
3451,M
3452,F
3453,F
3454,M
3455,M
3456,M
3457,M
3458,M
3459,F
3460,M
3461,M
3462,M
3463,F
3464,F
3465,M
3466,F
3467,M
3468,M
3469,F
3470,F
3471,F
3472,F
3473,F
3474,F
3475,M
3476,F
3477,M
3478,F
3479,M
3480,M
3481,F
3482,F
3483,M
3484,F
3485,F
3486,M
3487,M
3488,M
3489,M
3490,M
3491,M
3492,F
3493,M
3494,M
3495,F
3496,M
3497,M
3498,F
3499,M
3500,F
3501,F
3502,F
3503,F
3504,M
3505,M
3506,F
3507,F
3508,F
3509,F
3510,F
3511,F
3512,M
3513,F
3514,F
3515,M
3516,F
3517,F
3518,F
3519,M
3520,F
3521,F
3522,M
3523,M
3524,F
3525,F
3526,F
3527,M
3528,M
3529,M
3530,M
3531,M
3532,M
3533,F
3534,F
3535,M
3536,F
3537,M
3538,M
3539,M
3540,M
3541,M
3542,M
3543,F
3544,F
3545,M
3546,M
3547,F
3548,F
3549,F
3550,M
3551,F
3552,M
3553,F
3554,M
3555,F
3556,F
3557,F
3558,M
3559,F
3560,M
3561,F
3562,F
3563,F
3564,F
3565,F
3566,F
3567,F
3568,F
3569,M
3570,F
3571,M
3572,M
3573,F
3574,F
3575,F
3576,M
3577,F
3578,F
3579,M
3580,M
3581,F
3582,F
3583,M
3584,M
3585,F
3586,M
3587,F
3588,F
3589,F
3590,M
3591,M
3592,F
3593,M
3594,M
3595,M
3596,M
3597,F
3598,M
3599,F
3600,F
3601,M
3602,M
3603,F
3604,M
3605,M
3606,F
3607,F
3608,M
3609,F
3610,F
3611,M
3612,F
3613,M
3614,M
3615,F
3616,M
3617,M
3618,F
3619,M
3620,F
3621,F
3622,F
3623,F
3624,F
3625,M
3626,M
3627,M
3628,F
3629,F
3630,F
3631,F
3632,M
3633,M
3634,M
3635,M
3636,F
3637,F
3638,M
3639,M
3640,F
3641,F
3642,M
3643,M
3644,M
3645,M
3646,M
3647,F
3648,F
3649,F
3650,M
3651,M
3652,M
3653,M
3654,F
3655,M
3656,F
3657,F
3658,F
3659,M
3660,F
3661,M
3662,F
3663,M
3664,M
3665,F
3666,M
3667,M
3668,F
3669,M
3670,F
3671,F
3672,M
3673,M
3674,F
3675,M
3676,F
3677,F
3678,F
3679,M
3680,F
3681,F
3682,M
3683,M
3684,F
3685,M
3686,M
3687,M
3688,F
3689,F
3690,M
3691,F
3692,F
3693,F
3694,M
3695,F
3696,F
3697,F
3698,F
3699,M
3700,M
3701,F
3702,M
3703,M
3704,F
3705,F
3706,M
3707,F
3708,F
3709,M
3710,M
3711,M
3712,F
3713,M
3714,M
3715,F
3716,F
3717,F
3718,F
3719,F
3720,M
3721,F
3722,F
3723,M
3724,M
3725,M
3726,F
3727,F
3728,F
3729,M
3730,M
3731,F
3732,F
3733,M
3734,F
3735,M
3736,F
3737,F
3738,F
3739,F
3740,M
3741,F
3742,F
3743,M
3744,M
3745,M
3746,M
3747,F
3748,F
3749,M
3750,M
3751,M
3752,F
3753,F
3754,F
3755,M
3756,F
3757,F
3758,F
3759,F
3760,F
3761,F
3762,F
3763,M
3764,M
3765,F
3766,F
3767,F
3768,M
3769,F
3770,M
3771,M
3772,M
3773,F
3774,F
3775,M
3776,M
3777,F
3778,M
3779,M
3780,F
3781,M
3782,M
3783,F
3784,F
3785,F
3786,F
3787,F
3788,F
3789,M
3790,F
3791,F
3792,M
3793,F
3794,F
3795,M
3796,M
3797,M
3798,F
3799,F
3800,M
3801,M
3802,M
3803,M
3804,M
3805,M
3806,M
3807,M
3808,F
3809,M
3810,F
3811,F
3812,M
3813,M
3814,F
3815,M
3816,F
3817,M
3818,M
3819,F
3820,M
3821,M
3822,F
3823,M
3824,F
3825,M
3826,F
3827,F
3828,F
3829,M
3830,M
3831,M
3832,F
3833,F
3834,M
3835,M
3836,F
3837,F
3838,F
3839,M
3840,F
3841,F
3842,M
3843,F
3844,M
3845,M
3846,F
3847,F
3848,M
3849,F
3850,F
3851,F
3852,M
3853,F
3854,M
3855,F
3856,M
3857,F
3858,F
3859,F
3860,M
3861,F
3862,F
3863,F
3864,M
3865,F
3866,M
3867,F
3868,F
3869,F
3870,M
3871,F
3872,F
3873,M
3874,M
3875,M
3876,M
3877,F
3878,M
3879,F
3880,M
3881,M
3882,M
3883,M
3884,F
3885,F
3886,M
3887,M
3888,F
3889,F
3890,M
3891,M
3892,M
3893,M
3894,M
3895,M
3896,F
3897,F
3898,M
3899,F
3900,M
3901,F
3902,M
3903,F
3904,M
3905,F
3906,M
3907,F
3908,M
3909,M
3910,M
3911,M
3912,F
3913,F
3914,M
3915,F
3916,M
3917,F
3918,M
3919,M
3920,F
3921,M
3922,M
3923,M
3924,M
3925,M
3926,F
3927,F
3928,F
3929,M
3930,M
3931,M
3932,F
3933,M
3934,M
3935,F
3936,F
3937,M
3938,M
3939,M
3940,M
3941,F
3942,M
3943,M
3944,M
3945,F
3946,F
3947,F
3948,F
3949,M
3950,F
3951,M
3952,M
3953,M
3954,F
3955,M
3956,M
3957,M
3958,F
3959,F
3960,F
3961,F
3962,M
3963,F
3964,M
3965,M
3966,M
3967,M
3968,M
3969,F
3970,M
3971,F
3972,F
3973,F
3974,M
3975,F
3976,F
3977,F
3978,F
3979,F
3980,M
3981,F
3982,F
3983,M
3984,F
3985,M
3986,F
3987,F
3988,F
3989,F
3990,F
3991,M
3992,M
3993,M
3994,M
3995,F
3996,F
3997,F
3998,F
3999,M
4000,F
4001,M
4002,F
4003,F
4004,M
4005,M
4006,F
4007,F
4008,M
4009,M
4010,F
4011,F
4012,M
4013,F
4014,F
4015,F
4016,F
4017,M
4018,F
4019,F
4020,F
4021,M
4022,M
4023,F
4024,M
4025,F
4026,F
4027,F
4028,M
4029,M
4030,M
4031,M
4032,F
4033,F
4034,F
4035,F
4036,F
4037,F
4038,F
4039,M
4040,M
4041,F
4042,M
4043,F
4044,F
4045,M
4046,M
4047,M
4048,M
4049,M
4050,F
4051,F
4052,M
4053,F
4054,F
4055,F
4056,F
4057,M
4058,F
4059,F
4060,F
4061,F
4062,M
4063,M
4064,M
4065,M
4066,M
4067,M
4068,M
4069,M
4070,M
4071,M
4072,M
4073,F
4074,F
4075,F
4076,F
4077,F
4078,F
4079,M
4080,M
4081,M
4082,M
4083,F
4084,M
4085,M
4086,M
4087,F
4088,M
4089,F
4090,M
4091,F
4092,F
4093,M
4094,F
4095,M
4096,F
4097,M
4098,F
4099,F
4100,F
4101,M
4102,F
4103,M
4104,M
4105,M
4106,M
4107,F
4108,M
4109,M
4110,F
4111,F
4112,M
4113,M
4114,M
4115,F
4116,F
4117,F
4118,M
4119,F
4120,M
4121,M
4122,M
4123,M
4124,F
4125,M
4126,F
4127,M
4128,M
4129,F
4130,M
4131,M
4132,F
4133,M
4134,M
4135,M
4136,F
4137,F
4138,F
4139,F
4140,M
4141,M
4142,M
4143,M
4144,M
4145,M
4146,M
4147,F
4148,F
4149,F
4150,F
4151,M
4152,F
4153,F
4154,M
4155,M
4156,F
4157,F
4158,F
4159,M
4160,F
4161,F
4162,M
4163,F
4164,F
4165,F
4166,F
4167,F
4168,F
4169,M
4170,F
4171,F
4172,M
4173,F
4174,F
4175,M
4176,F
4177,M
4178,M
4179,M
4180,F
4181,M
4182,M
4183,F
4184,M
4185,M
4186,F
4187,F
4188,M
4189,F
4190,M
4191,F
4192,M
4193,M
4194,F
4195,F
4196,M
4197,M
4198,F
4199,M
4200,M
4201,M
4202,F
4203,F
4204,M
4205,F
4206,F
4207,M
4208,F
4209,M
4210,M
4211,F
4212,F
4213,M
4214,M
4215,F
4216,M
4217,M
4218,F
4219,M
4220,F
4221,F
4222,M
4223,M
4224,M
4225,M
4226,F
4227,M
4228,F
4229,F
4230,M
4231,F
4232,M
4233,M
4234,F
4235,F
4236,M
4237,F
4238,M
4239,F
4240,F
4241,F
4242,F
4243,M
4244,F
4245,F
4246,F
4247,M
4248,F
4249,M
4250,M
4251,F
4252,F
4253,F
4254,F
4255,F
4256,F
4257,F
4258,F
4259,M
4260,M
4261,M
4262,F
4263,F
4264,F
4265,F
4266,M
4267,M
4268,M
4269,M
4270,F
4271,M
4272,M
4273,F
4274,F
4275,M
4276,M
4277,F
4278,F
4279,F
4280,F
4281,F
4282,M
4283,F
4284,M
4285,F
4286,F
4287,F
4288,F
4289,M
4290,M
4291,M
4292,M
4293,M
4294,M
4295,M
4296,M
4297,M
4298,F
4299,F
4300,M
4301,F
4302,M
4303,M
4304,M
4305,M
4306,F
4307,F
4308,M
4309,M
4310,M
4311,M
4312,M
4313,F
4314,M
4315,F
4316,M
4317,F
4318,M
4319,F
4320,F
4321,M
4322,F
4323,M
4324,F
4325,F
4326,M
4327,M
4328,M
4329,F
4330,F
4331,F
4332,F
4333,F
4334,M
4335,M
4336,F
4337,F
4338,F
4339,M
4340,F
4341,M
4342,F
4343,M
4344,M
4345,M
4346,M
4347,F
4348,F
4349,M
4350,F
4351,M
4352,M
4353,F
4354,F
4355,F
4356,F
4357,M
4358,M
4359,M
4360,F
4361,F
4362,M
4363,M
4364,M
4365,M
4366,M
4367,M
4368,F
4369,M
4370,F
4371,M
4372,F
4373,F
4374,F
4375,F
4376,M
4377,F
4378,F
4379,F
4380,M
4381,M
4382,M
4383,M
4384,M
4385,F
4386,F
4387,F
4388,F
4389,F
4390,F
4391,F
4392,F
4393,F
4394,M
4395,F
4396,F
4397,F
4398,F
4399,M
4400,F
4401,F
4402,F
4403,M
4404,M
4405,M
4406,F
4407,M
4408,F
4409,F
4410,F
4411,F
4412,F
4413,F
4414,M
4415,M
4416,M
4417,M
4418,F
4419,F
4420,F
4421,M
4422,M
4423,M
4424,F
4425,F
4426,M
4427,F
4428,F
4429,M
4430,F
4431,M
4432,F
4433,M
4434,M
4435,M
4436,M
4437,M
4438,M
4439,M
4440,F
4441,M
4442,F
4443,F
4444,M
4445,F
4446,F
4447,M
4448,F
4449,F
4450,M
4451,F
4452,M
4453,F
4454,M
4455,F
4456,M
4457,F
4458,F
4459,F
4460,M
4461,M
4462,M
4463,M
4464,M
4465,F
4466,F
4467,F
4468,M
4469,F
4470,M
4471,F
4472,M
4473,F
4474,F
4475,F
4476,M
4477,M
4478,F
4479,F
4480,M
4481,M
4482,M
4483,M
4484,M
4485,F
4486,F
4487,F
4488,F
4489,M
4490,F
4491,F
4492,F
4493,F
4494,F
4495,F
4496,F
4497,F
4498,F
4499,F
4500,M
4501,F
4502,F
4503,M
4504,M
4505,F
4506,M
4507,M
4508,M
4509,M
4510,M
4511,M
4512,F
4513,M
4514,M
4515,M
4516,M
4517,F
4518,F
4519,F
4520,F
4521,F
4522,M
4523,F
4524,M
4525,F
4526,F
4527,F
4528,M
4529,M
4530,F
4531,F
4532,M
4533,F
4534,M
4535,F
4536,M
4537,F
4538,F
4539,F
4540,F
4541,F
4542,F
4543,M
4544,F
4545,F
4546,M
4547,M
4548,M
4549,M
4550,M
4551,F
4552,F
4553,M
4554,F
4555,M
4556,M
4557,F
4558,F
4559,M
4560,F
4561,M
4562,F
4563,M
4564,M
4565,M
4566,M
4567,M
4568,F
4569,F
4570,M
4571,F
4572,F
4573,M
4574,M
4575,M
4576,F
4577,M
4578,F
4579,F
4580,M
4581,F
4582,F
4583,M
4584,F
4585,F
4586,M
4587,M
4588,F
4589,F
4590,F
4591,M
4592,F
4593,F
4594,M
4595,F
4596,F
4597,F
4598,M
4599,F
4600,M
4601,M
4602,M
4603,F
4604,F
4605,M
4606,F
4607,F
4608,F
4609,M
4610,F
4611,F
4612,M
4613,M
4614,M
4615,F
4616,F
4617,M
4618,F
4619,M
4620,M
4621,F
4622,M
4623,M
4624,M
4625,F
4626,F
4627,F
4628,M
4629,F
4630,M
4631,M
4632,M
4633,F
4634,F
4635,F
4636,M
4637,F
4638,F
4639,M
4640,M
4641,F
4642,F
4643,F
4644,M
4645,M
4646,F
4647,F
4648,F
4649,F
4650,M
4651,M
4652,M
4653,M
4654,F
4655,M
4656,M
4657,M
4658,M
4659,M
4660,F
4661,F
4662,F
4663,M
4664,M
4665,F
4666,F
4667,M
4668,M
4669,F
4670,F
4671,F
4672,M
4673,F
4674,M
4675,M
4676,F
4677,F
4678,M
4679,F
4680,F
4681,F
4682,M
4683,F
4684,M
4685,M
4686,F
4687,F
4688,F
4689,F
4690,F
4691,F
4692,M
4693,M
4694,F
4695,M
4696,M
4697,M
4698,M
4699,F
4700,F
4701,M
4702,M
4703,M
4704,F
4705,F
4706,F
4707,M
4708,M
4709,F
4710,M
4711,M
4712,M
4713,M
4714,F
4715,M
4716,F
4717,M
4718,F
4719,M
4720,F
4721,F
4722,F
4723,M
4724,F
4725,F
4726,F
4727,F
4728,M
4729,F
4730,F
4731,F
4732,M
4733,F
4734,F
4735,M
4736,M
4737,F
4738,M
4739,M
4740,M
4741,F
4742,M
4743,F
4744,M
4745,M
4746,F
4747,M
4748,M
4749,M
4750,F
4751,F
4752,F
4753,M
4754,F
4755,F
4756,F
4757,M
4758,M
4759,M
4760,M
4761,F
4762,F
4763,M
4764,M
4765,M
4766,M
4767,M
4768,F
4769,M
4770,F
4771,F
4772,F
4773,M
4774,M
4775,F
4776,M
4777,M
4778,F
4779,M
4780,M
4781,M
4782,M
4783,F
4784,M
4785,M
4786,M
4787,F
4788,M
4789,M
4790,M
4791,M
4792,M
4793,M
4794,M
4795,F
4796,M
4797,M
4798,F
4799,M
4800,M
4801,M
4802,M
4803,M
4804,M
4805,F
4806,M
4807,M
4808,M
4809,M
4810,F
4811,M
4812,M
4813,M
4814,F
4815,M
4816,F
4817,M
4818,F
4819,F
4820,F
4821,M
4822,M
4823,M
4824,M
4825,M
4826,M
4827,M
4828,M
4829,M
4830,M
4831,M
4832,F
4833,F
4834,M
4835,M
4836,M
4837,F
4838,F
4839,F
4840,F
4841,F
4842,F
4843,F
4844,M
4845,F
4846,F
4847,M
4848,F
4849,M
4850,F
4851,M
4852,F
4853,F
4854,M
4855,F
4856,M
4857,M
4858,M
4859,F
4860,F
4861,M
4862,F
4863,F
4864,F
4865,M
4866,M
4867,F
4868,F
4869,F
4870,M
4871,M
4872,F
4873,F
4874,M
4875,M
4876,F
4877,F
4878,F
4879,M
4880,F
4881,M
4882,M
4883,F
4884,M
4885,F
4886,F
4887,F
4888,F
4889,F
4890,F
4891,M
4892,M
4893,M
4894,F
4895,F
4896,M
4897,F
4898,F
4899,M
4900,M
4901,F
4902,F
4903,F
4904,F
4905,M
4906,M
4907,F
4908,F
4909,F
4910,M
4911,F
4912,M
4913,M
4914,M
4915,M
4916,F
4917,F
4918,M
4919,M
4920,F
4921,M
4922,M
4923,M
4924,M
4925,M
4926,M
4927,F
4928,F
4929,F
4930,M
4931,F
4932,M
4933,F
4934,F
4935,F
4936,M
4937,F
4938,F
4939,F
4940,F
4941,F
4942,F
4943,F
4944,F
4945,M
4946,F
4947,F
4948,F
4949,M
4950,M
4951,F
4952,F
4953,M
4954,F
4955,F
4956,M
4957,F
4958,F
4959,F
4960,M
4961,F
4962,M
4963,M
4964,M
4965,M
4966,F
4967,M
4968,M
4969,M
4970,M
4971,F
4972,F
4973,F
4974,M
4975,F
4976,M
4977,F
4978,M
4979,M
4980,F
4981,F
4982,M
4983,F
4984,M
4985,M
4986,M
4987,F
4988,M
4989,F
4990,M
4991,F
4992,F
4993,F
4994,M
4995,F
4996,M
4997,F
4998,M
4999,M
5000,M
5001,M
5002,F
5003,M
5004,F
5005,F
5006,F
5007,M
5008,F
5009,M
5010,F
5011,M
5012,M
5013,F
5014,F
5015,F
5016,M
5017,M
5018,F
5019,F
5020,M
5021,M
5022,F
5023,M
5024,M
5025,M
5026,F
5027,F
5028,F
5029,F
5030,F
5031,F
5032,F
5033,M
5034,M
5035,M
5036,M
5037,M
5038,F
5039,F
5040,F
5041,M
5042,F
5043,F
5044,F
5045,F
5046,F
5047,F
5048,M
5049,M
5050,F
5051,F
5052,F
5053,M
5054,F
5055,F
5056,F
5057,M
5058,F
5059,F
5060,F
5061,F
5062,F
5063,M
5064,M
5065,F
5066,M
5067,M
5068,F
5069,F
5070,M
5071,F
5072,M
5073,F
5074,M
5075,F
5076,M
5077,M
5078,M
5079,M
5080,F
5081,M
5082,F
5083,F
5084,F
5085,M
5086,F
5087,F
5088,M
5089,F
5090,M
5091,M
5092,F
5093,F
5094,M
5095,F
5096,F
5097,M
5098,M
5099,F
5100,M
5101,M
5102,F
5103,M
5104,F
5105,M
5106,F
5107,F
5108,F
5109,F
5110,F
5111,M
5112,M
5113,F
5114,F
5115,F
5116,F
5117,M
5118,M
5119,F
5120,M
5121,M
5122,F
5123,M
5124,M
5125,M
5126,F
5127,F
5128,M
5129,M
5130,M
5131,M
5132,M
5133,F
5134,F
5135,F
5136,M
5137,M
5138,M
5139,F
5140,M
5141,M
5142,M
5143,M
5144,M
5145,F
5146,F
5147,M
5148,F
5149,M
5150,F
5151,F
5152,F
5153,F
5154,F
5155,M
5156,M
5157,M
5158,M
5159,M
5160,M
5161,M
5162,M
5163,M
5164,M
5165,F
5166,M
5167,F
5168,F
5169,F
5170,M
5171,F
5172,M
5173,M
5174,F
5175,M
5176,F
5177,F
5178,M
5179,M
5180,F
5181,F
5182,M
5183,M
5184,M
5185,F
5186,M
5187,F
5188,F
5189,F
5190,M
5191,F
5192,M
5193,M
5194,M
5195,M
5196,M
5197,M
5198,M
5199,M
5200,M
5201,F
5202,F
5203,F
5204,F
5205,M
5206,F
5207,M
5208,M
5209,F
5210,M
5211,M
5212,F
5213,F
5214,F
5215,M
5216,M
5217,M
5218,M
5219,F
5220,M
5221,M
5222,M
5223,F
5224,M
5225,M
5226,M
5227,M
5228,M
5229,F
5230,M
5231,M
5232,M
5233,F
5234,M
5235,M
5236,F
5237,F
5238,F
5239,F
5240,F
5241,F
5242,F
5243,M
5244,F
5245,M
5246,M
5247,M
5248,M
5249,M
5250,F
5251,F
5252,F
5253,M
5254,M
5255,F
5256,F
5257,M
5258,F
5259,M
5260,F
5261,M
5262,M
5263,M
5264,M
5265,F
5266,M
5267,F
5268,F
5269,M
5270,F
5271,M
5272,F
5273,M
5274,M
5275,M
5276,M
5277,F
5278,F
5279,M
5280,F
5281,M
5282,F
5283,F
5284,M
5285,M
5286,F
5287,M
5288,F
5289,M
5290,F
5291,F
5292,F
5293,M
5294,M
5295,M
5296,F
5297,M
5298,F
5299,M
5300,F
5301,F
5302,F
5303,F
5304,M
5305,M
5306,F
5307,M
5308,M
5309,F
5310,M
5311,M
5312,F
5313,F
5314,F
5315,M
5316,F
5317,M
5318,F
5319,F
5320,F
5321,F
5322,M
5323,F
5324,F
5325,F
5326,M
5327,F
5328,M
5329,F
5330,F
5331,M
5332,M
5333,F
5334,F
5335,F
5336,M
5337,F
5338,M
5339,M
5340,M
5341,F
5342,F
5343,F
5344,F
5345,M
5346,M
5347,M
5348,F
5349,M
5350,M
5351,F
5352,F
5353,M
5354,F
5355,M
5356,M
5357,F
5358,F
5359,F
5360,M
5361,M
5362,F
5363,M
5364,F
5365,M
5366,F
5367,F
5368,F
5369,F
5370,F
5371,M
5372,M
5373,M
5374,F
5375,F
5376,M
5377,F
5378,M
5379,F
5380,F
5381,M
5382,F
5383,M
5384,F
5385,F
5386,M
5387,M
5388,F
5389,M
5390,F
5391,M
5392,M
5393,F
5394,F
5395,F
5396,F
5397,M
5398,F
5399,M
5400,M
5401,F
5402,F
5403,F
5404,F
5405,F
5406,M
5407,F
5408,M
5409,F
5410,F
5411,F
5412,F
5413,F
5414,F
5415,F
5416,F
5417,M
5418,F
5419,F
5420,M
5421,M
5422,M
5423,F
5424,M
5425,M
5426,M
5427,M
5428,M
5429,F
5430,M
5431,M
5432,F
5433,F
5434,M
5435,F
5436,M
5437,M
5438,F
5439,M
5440,M
5441,F
5442,M
5443,F
5444,M
5445,M
5446,M
5447,F
5448,M
5449,M
5450,M
5451,F
5452,M
5453,F
5454,F
5455,M
5456,M
5457,F
5458,F
5459,M
5460,F
5461,M
5462,M
5463,M
5464,M
5465,M
5466,M
5467,F
5468,M
5469,F
5470,M
5471,M
5472,F
5473,F
5474,F
5475,M
5476,M
5477,M
5478,M
5479,F
5480,M
5481,F
5482,F
5483,M
5484,F
5485,M
5486,M
5487,F
5488,M
5489,F
5490,M
5491,F
5492,F
5493,M
5494,F
5495,M
5496,F
5497,F
5498,M
5499,M
5500,F
5501,M
5502,M
5503,F
5504,F
5505,F
5506,F
5507,M
5508,F
5509,F
5510,F
5511,M
5512,F
5513,F
5514,F
5515,M
5516,M
5517,M
5518,F
5519,M
5520,F
5521,M
5522,M
5523,F
5524,M
5525,F
5526,F
5527,F
5528,F
5529,F
5530,F
5531,M
5532,M
5533,F
5534,F
5535,F
5536,M
5537,M
5538,M
5539,M
5540,F
5541,F
5542,F
5543,M
5544,F
5545,M
5546,F
5547,F
5548,M
5549,F
5550,F
5551,M
5552,M
5553,F
5554,M
5555,F
5556,F
5557,M
5558,M
5559,F
5560,F
5561,M
5562,F
5563,F
5564,F
5565,F
5566,M
5567,F
5568,M
5569,M
5570,M
5571,M
5572,F
5573,M
5574,F
5575,F
5576,M
5577,M
5578,M
5579,M
5580,F
5581,F
5582,F
5583,F
5584,M
5585,F
5586,M
5587,M
5588,M
5589,F
5590,M
5591,M
5592,F
5593,M
5594,M
5595,F
5596,F
5597,F
5598,F
5599,M
5600,M
5601,F
5602,F
5603,F
5604,F
5605,M
5606,M
5607,F
5608,M
5609,F
5610,F
5611,M
5612,F
5613,M
5614,F
5615,F
5616,M
5617,F
5618,F
5619,M
5620,F
5621,F
5622,F
5623,M
5624,M
5625,F
5626,F
5627,F
5628,M
5629,M
5630,M
5631,M
5632,M
5633,M
5634,F
5635,F
5636,F
5637,M
5638,M
5639,M
5640,M
5641,F
5642,F
5643,M
5644,F
5645,F
5646,F
5647,F
5648,F
5649,M
5650,F
5651,M
5652,F
5653,F
5654,F
5655,F
5656,F
5657,F
5658,M
5659,M
5660,M
5661,F
5662,M
5663,F
5664,M
5665,F
5666,M
5667,F
5668,M
5669,M
5670,M
5671,M
5672,M
5673,M
5674,F
5675,F
5676,F
5677,F
5678,M
5679,F
5680,F
5681,M
5682,M
5683,M
5684,F
5685,M
5686,F
5687,F
5688,F
5689,F
5690,F
5691,F
5692,F
5693,M
5694,F
5695,M
5696,M
5697,F
5698,F
5699,F
5700,F
5701,M
5702,F
5703,M
5704,F
5705,F
5706,F
5707,F
5708,F
5709,F
5710,F
5711,M
5712,M
5713,M
5714,F
5715,F
5716,F
5717,F
5718,F
5719,M
5720,M
5721,F
5722,F
5723,F
5724,M
5725,M
5726,F
5727,F
5728,M
5729,F
5730,F
5731,M
5732,M
5733,F
5734,M
5735,F
5736,M
5737,M
5738,F
5739,M
5740,M
5741,M
5742,M
5743,M
5744,F
5745,F
5746,F
5747,M
5748,M
5749,F
5750,M
5751,F
5752,F
5753,F
5754,F
5755,F
5756,F
5757,F
5758,F
5759,F
5760,F
5761,F
5762,M
5763,M
5764,M
5765,F
5766,F
5767,F
5768,F
5769,M
5770,F
5771,F
5772,M
5773,M
5774,M
5775,F
5776,F
5777,F
5778,F
5779,M
5780,M
5781,M
5782,F
5783,M
5784,F
5785,F
5786,M
5787,F
5788,M
5789,F
5790,M
5791,M
5792,F
5793,M
5794,F
5795,F
5796,M
5797,F
5798,M
5799,M
5800,F
5801,F
5802,F
5803,F
5804,F
5805,M
5806,F
5807,F
5808,F
5809,M
5810,F
5811,F
5812,M
5813,M
5814,M
5815,F
5816,F
5817,M
5818,F
5819,M
5820,M
5821,F
5822,M
5823,M
5824,M
5825,M
5826,M
5827,F
5828,F
5829,M
5830,F
5831,F
5832,M
5833,M
5834,F
5835,M
5836,F
5837,F
5838,M
5839,M
5840,F
5841,M
5842,F
5843,M
5844,F
5845,F
5846,M
5847,M
5848,M
5849,F
5850,F
5851,F
5852,F
5853,F
5854,M
5855,M
5856,M
5857,M
5858,M
5859,F
5860,F
5861,M
5862,F
5863,M
5864,F
5865,M
5866,F
5867,M
5868,M
5869,M
5870,M
5871,M
5872,F
5873,F
5874,M
5875,M
5876,M
5877,M
5878,M
5879,F
5880,F
5881,F
5882,F
5883,M
5884,F
5885,M
5886,M
5887,M
5888,F
5889,M
5890,M
5891,F
5892,F
5893,F
5894,F
5895,F
5896,M
5897,M
5898,F
5899,F
5900,F
5901,F
5902,M
5903,F
5904,M
5905,F
5906,M
5907,F
5908,M
5909,F
5910,F
5911,M
5912,M
5913,F
5914,M
5915,F
5916,M
5917,M
5918,M
5919,M
5920,F
5921,M
5922,M
5923,M
5924,M
5925,F
5926,M
5927,M
5928,F
5929,F
5930,M
5931,F
5932,F
5933,F
5934,F
5935,M
5936,F
5937,M
5938,M
5939,F
5940,F
5941,F
5942,M
5943,M
5944,F
5945,M
5946,M
5947,F
5948,M
5949,M
5950,M
5951,F
5952,M
5953,M
5954,M
5955,M
5956,M
5957,M
5958,M
5959,F
5960,M
5961,M
5962,M
5963,M
5964,F
5965,M
5966,M
5967,F
5968,F
5969,M
5970,F
5971,F
5972,M
5973,M
5974,F
5975,F
5976,F
5977,F
5978,M
5979,F
5980,M
5981,M
5982,F
5983,M
5984,F
5985,M
5986,F
5987,M
5988,M
5989,F
5990,M
5991,F
5992,F
5993,F
5994,M
5995,F
5996,F
5997,M
5998,M
5999,M
6000,M
6001,F
6002,M
6003,F
6004,M
6005,M
6006,F
6007,M
6008,M
6009,M
6010,M
6011,F
6012,M
6013,M
6014,F
6015,M
6016,M
6017,F
6018,M
6019,F
6020,M
6021,F
6022,F
6023,M
6024,M
6025,F
6026,F
6027,F
6028,F
6029,F
6030,M
6031,F
6032,F
6033,F
6034,F
6035,F
6036,M
6037,M
6038,M
6039,M
6040,F
6041,F
6042,F
6043,M
6044,M
6045,F
6046,F
6047,M
6048,M
6049,M
6050,F
6051,M
6052,F
6053,M
6054,M
6055,M
6056,F
6057,F
6058,M
6059,F
6060,M
6061,M
6062,F
6063,F
6064,M
6065,F
6066,M
6067,M
6068,F
6069,M
6070,M
6071,M
6072,M
6073,F
6074,F
6075,M
6076,F
6077,F
6078,F
6079,F
6080,F
6081,F
6082,F
6083,M
6084,M
6085,F
6086,F
6087,F
6088,M
6089,M
6090,M
6091,F
6092,F
6093,F
6094,F
6095,M
6096,F
6097,M
6098,M
6099,F
6100,F
6101,F
6102,M
6103,F
6104,M
6105,M
6106,M
6107,F
6108,M
6109,F
6110,F
6111,F
6112,M
6113,F
6114,F
6115,F
6116,F
6117,F
6118,F
6119,M
6120,M
6121,M
6122,M
6123,M
6124,M
6125,F
6126,M
6127,M
6128,M
6129,F
6130,F
6131,M
6132,M
6133,F
6134,F
6135,F
6136,M
6137,F
6138,M
6139,F
6140,F
6141,F
6142,M
6143,F
6144,M
6145,M
6146,M
6147,F
6148,F
6149,M
6150,M
6151,F
6152,M
6153,M
6154,F
6155,F
6156,M
6157,M
6158,M
6159,F
6160,M
6161,F
6162,F
6163,F
6164,M
6165,M
6166,F
6167,M
6168,M
6169,M
6170,M
6171,F
6172,M
6173,F
6174,F
6175,M
6176,F
6177,M
6178,F
6179,M
6180,F
6181,F
6182,M
6183,F
6184,M
6185,F
6186,F
6187,F
6188,F
6189,M
6190,M
6191,M
6192,F
6193,F
6194,F
6195,M
6196,F
6197,M
6198,M
6199,F
6200,F
6201,M
6202,M
6203,M
6204,F
6205,M
6206,M
6207,M
6208,M
6209,M
6210,M
6211,F
6212,M
6213,F
6214,F
6215,F
6216,F
6217,M
6218,F
6219,M
6220,F
6221,F
6222,F
6223,M
6224,M
6225,F
6226,M
6227,M
6228,M
6229,M
6230,M
6231,M
6232,F
6233,F
6234,F
6235,M
6236,M
6237,F
6238,M
6239,M
6240,F
6241,M
6242,M
6243,M
6244,M
6245,F
6246,M
6247,M
6248,M
6249,F
6250,M
6251,F
6252,M
6253,M
6254,F
6255,F
6256,M
6257,F
6258,F
6259,F
6260,M
6261,M
6262,M
6263,F
6264,F
6265,F
6266,M
6267,M
6268,M
6269,M
6270,M
6271,F
6272,F
6273,F
6274,F
6275,M
6276,M
6277,F
6278,M
6279,M
6280,F
6281,F
6282,F
6283,M
6284,F
6285,F
6286,F
6287,M
6288,M
6289,F
6290,F
6291,M
6292,M
6293,F
6294,F
6295,M
6296,M
6297,M
6298,M
6299,F
6300,F
6301,F
6302,M
6303,M
6304,M
6305,M
6306,F
6307,M
6308,F
6309,F
6310,M
6311,F
6312,M
6313,M
6314,F
6315,F
6316,M
6317,M
6318,M
6319,M
6320,M
6321,F
6322,F
6323,F
6324,M
6325,F
6326,M
6327,M
6328,M
6329,F
6330,F
6331,F
6332,M
6333,M
6334,F
6335,M
6336,M
6337,M
6338,F
6339,M
6340,M
6341,F
6342,M
6343,F
6344,M
6345,M
6346,F
6347,M
6348,M
6349,M
6350,F
6351,F
6352,F
6353,M
6354,M
6355,M
6356,F
6357,M
6358,F
6359,F
6360,M
6361,F
6362,F
6363,F
6364,M
6365,F
6366,F
6367,F
6368,F
6369,M
6370,M
6371,F
6372,M
6373,M
6374,M
6375,F
6376,M
6377,M
6378,M
6379,F
6380,M
6381,F
6382,F
6383,M
6384,F
6385,M
6386,M
6387,M
6388,M
6389,F
6390,F
6391,F
6392,F
6393,M
6394,M
6395,M
6396,F
6397,M
6398,M
6399,M
6400,M
6401,M
6402,M
6403,F
6404,M
6405,M
6406,M
6407,M
6408,M
6409,M
6410,F
6411,M
6412,F
6413,F
6414,M
6415,M
6416,M
6417,F
6418,F
6419,F
6420,M
6421,F
6422,M
6423,M
6424,F
6425,F
6426,F
6427,M
6428,F
6429,F
6430,F
6431,F
6432,M
6433,F
6434,F
6435,F
6436,F
6437,M
6438,M
6439,F
6440,F
6441,F
6442,F
6443,F
6444,F
6445,F
6446,M
6447,M
6448,F
6449,F
6450,F
6451,M
6452,M
6453,F
6454,F
6455,M
6456,M
6457,F
6458,M
6459,M
6460,M
6461,M
6462,M
6463,F
6464,M
6465,F
6466,F
6467,F
6468,F
6469,F
6470,M
6471,M
6472,F
6473,F
6474,M
6475,M
6476,M
6477,M
6478,F
6479,F
6480,F
6481,F
6482,M
6483,F
6484,M
6485,M
6486,M
6487,M
6488,M
6489,M
6490,M
6491,F
6492,F
6493,M
6494,M
6495,F
6496,M
6497,F
6498,F
6499,M
6500,M
6501,F
6502,F
6503,F
6504,F
6505,F
6506,M
6507,M
6508,F
6509,M
6510,M
6511,F
6512,M
6513,F
6514,F
6515,F
6516,F
6517,F
6518,M
6519,F
6520,F
6521,M
6522,M
6523,M
6524,M
6525,F
6526,M
6527,M
6528,M
6529,M
6530,F
6531,M
6532,M
6533,F
6534,F
6535,F
6536,M
6537,F
6538,M
6539,F
6540,F
6541,F
6542,F
6543,F
6544,M
6545,M
6546,F
6547,M
6548,F
6549,F
6550,F
6551,M
6552,M
6553,M
6554,M
6555,F
6556,F
6557,F
6558,F
6559,M
6560,M
6561,F
6562,M
6563,M
6564,F
6565,F
6566,M
6567,M
6568,F
6569,F
6570,F
6571,F
6572,F
6573,F
6574,M
6575,M
6576,M
6577,F
6578,F
6579,M
6580,M
6581,M
6582,F
6583,M
6584,M
6585,F
6586,M
6587,M
6588,F
6589,M
6590,M
6591,F
6592,M
6593,M
6594,M
6595,F
6596,F
6597,M
6598,F
6599,M
6600,F
6601,M
6602,F
6603,M
6604,F
6605,F
6606,F
6607,F
6608,F
6609,F
6610,M
6611,F
6612,M
6613,M
6614,M
6615,F
6616,F
6617,F
6618,F
6619,M
6620,M
6621,F
6622,M
6623,F
6624,M
6625,F
6626,M
6627,F
6628,M
6629,F
6630,M
6631,F
6632,F
6633,F
6634,F
6635,F
6636,F
6637,F
6638,F
6639,F
6640,M
6641,F
6642,F
6643,M
6644,F
6645,F
6646,M
6647,M
6648,F
6649,M
6650,F
6651,M
6652,M
6653,M
6654,F
6655,M
6656,M
6657,M
6658,F
6659,M
6660,M
6661,F
6662,F
6663,M
6664,M
6665,F
6666,F
6667,F
6668,F
6669,F
6670,M
6671,M
6672,F
6673,M
6674,F
6675,M
6676,F
6677,F
6678,M
6679,F
6680,M
6681,M
6682,M
6683,F
6684,M
6685,M
6686,F
6687,F
6688,F
6689,M
6690,M
6691,F
6692,F
6693,F
6694,F
6695,M
6696,M
6697,M
6698,M
6699,F
6700,M
6701,F
6702,F
6703,M
6704,F
6705,F
6706,M
6707,M
6708,F
6709,F
6710,M
6711,M
6712,M
6713,F
6714,F
6715,F
6716,M
6717,M
6718,M
6719,M
6720,M
6721,F
6722,F
6723,M
6724,M
6725,F
6726,F
6727,M
6728,M
6729,M
6730,M
6731,F
6732,M
6733,F
6734,M
6735,F
6736,M
6737,M
6738,F
6739,F
6740,F
6741,F
6742,F
6743,F
6744,F
6745,M
6746,M
6747,M
6748,M
6749,M
6750,M
6751,M
6752,M
6753,M
6754,M
6755,F
6756,F
6757,M
6758,M
6759,F
6760,M
6761,M
6762,M
6763,F
6764,F
6765,F
6766,F
6767,M
6768,F
6769,M
6770,F
6771,F
6772,F
6773,F
6774,M
6775,F
6776,M
6777,M
6778,M
6779,F
6780,M
6781,M
6782,M
6783,M
6784,M
6785,F
6786,M
6787,F
6788,F
6789,M
6790,M
6791,F
6792,F
6793,F
6794,M
6795,F
6796,M
6797,M
6798,F
6799,M
6800,M
6801,M
6802,F
6803,M
6804,F
6805,F
6806,F
6807,F
6808,M
6809,M
6810,M
6811,F
6812,F
6813,F
6814,M
6815,F
6816,F
6817,M
6818,M
6819,M
6820,F
6821,M
6822,F
6823,M
6824,M
6825,F
6826,M
6827,M
6828,M
6829,F
6830,M
6831,M
6832,M
6833,M
6834,M
6835,F
6836,F
6837,F
6838,M
6839,M
6840,F
6841,F
6842,M
6843,F
6844,F
6845,M
6846,M
6847,M
6848,F
6849,M
6850,F
6851,M
6852,F
6853,F
6854,F
6855,F
6856,M
6857,F
6858,M
6859,F
6860,M
6861,M
6862,F
6863,F
6864,M
6865,M
6866,F
6867,F
6868,M
6869,F
6870,M
6871,M
6872,M
6873,M
6874,F
6875,F
6876,M
6877,F
6878,M
6879,M
6880,F
6881,M
6882,F
6883,F
6884,F
6885,F
6886,M
6887,M
6888,F
6889,M
6890,M
6891,M
6892,F
6893,F
6894,M
6895,F
6896,F
6897,F
6898,M
6899,M
6900,M
6901,M
6902,F
6903,F
6904,F
6905,F
6906,F
6907,F
6908,F
6909,F
6910,M
6911,M
6912,F
6913,M
6914,F
6915,M
6916,F
6917,M
6918,F
6919,F
6920,F
6921,M
6922,M
6923,M
6924,F
6925,M
6926,M
6927,M
6928,F
6929,F
6930,M
6931,F
6932,F
6933,F
6934,M
6935,F
6936,F
6937,M
6938,F
6939,M
6940,F
6941,M
6942,F
6943,F
6944,M
6945,F
6946,F
6947,M
6948,M
6949,F
6950,M
6951,M
6952,F
6953,F
6954,F
6955,M
6956,F
6957,F
6958,F
6959,M
6960,M
6961,F
6962,M
6963,M
6964,M
6965,M
6966,F
6967,M
6968,F
6969,M
6970,F
6971,M
6972,M
6973,M
6974,M
6975,M
6976,M
6977,F
6978,M
6979,F
6980,F
6981,M
6982,F
6983,F
6984,M
6985,F
6986,M
6987,F
6988,F
6989,F
6990,M
6991,F
6992,M
6993,M
6994,F
6995,F
6996,M
6997,M
6998,F
6999,F
7000,F
7001,F
7002,F
7003,M
7004,F
7005,F
7006,M
7007,M
7008,M
7009,M
7010,F
7011,M
7012,M
7013,F
7014,M
7015,M
7016,F
7017,M
7018,F
7019,M
7020,F
7021,F
7022,F
7023,M
7024,M
7025,F
7026,M
7027,F
7028,F
7029,M
7030,M
7031,M
7032,M
7033,F
7034,M
7035,M
7036,F
7037,F
7038,M
7039,F
7040,M
7041,M
7042,M
7043,M
7044,M
7045,M
7046,F
7047,M
7048,F
7049,M
7050,F
7051,M
7052,F
7053,F
7054,F
7055,M
7056,M
7057,F
7058,M
7059,M
7060,F
7061,F
7062,M
7063,F
7064,M
7065,F
7066,M
7067,M
7068,F
7069,M
7070,F
7071,F
7072,M
7073,M
7074,M
7075,M
7076,M
7077,F
7078,F
7079,M
7080,F
7081,M
7082,F
7083,F
7084,F
7085,F
7086,M
7087,M
7088,M
7089,M
7090,M
7091,F
7092,M
7093,F
7094,F
7095,F
7096,M
7097,M
7098,F
7099,M
7100,M
7101,M
7102,M
7103,M
7104,M
7105,F
7106,M
7107,M
7108,M
7109,M
7110,F
7111,F
7112,M
7113,M
7114,F
7115,M
7116,F
7117,F
7118,M
7119,M
7120,F
7121,M
7122,M
7123,M
7124,M
7125,M
7126,F
7127,M
7128,M
7129,F
7130,F
7131,F
7132,M
7133,M
7134,M
7135,M
7136,F
7137,F
7138,M
7139,F
7140,F
7141,F
7142,F
7143,F
7144,M
7145,M
7146,M
7147,M
7148,F
7149,F
7150,M
7151,F
7152,M
7153,M
7154,M
7155,F
7156,F
7157,F
7158,F
7159,M
7160,F
7161,F
7162,M
7163,F
7164,M
7165,F
7166,M
7167,M
7168,M
7169,F
7170,F
7171,M
7172,M
7173,F
7174,M
7175,M
7176,M
7177,M
7178,F
7179,F
7180,M
7181,F
7182,M
7183,M
7184,M
7185,M
7186,F
7187,M
7188,M
7189,M
7190,M
7191,M
7192,M
7193,M
7194,F
7195,M
7196,M
7197,F
7198,M
7199,F
7200,F
7201,F
7202,M
7203,M
7204,F
7205,M
7206,F
7207,F
7208,M
7209,M
7210,M
7211,F
7212,M
7213,F
7214,M
7215,F
7216,F
7217,M
7218,M
7219,M
7220,M
7221,M
7222,M
7223,M
7224,F
7225,M
7226,F
7227,F
7228,F
7229,M
7230,M
7231,M
7232,M
7233,M
7234,M
7235,F
7236,M
7237,F
7238,M
7239,F
7240,F
7241,M
7242,M
7243,M
7244,M
7245,M
7246,M
7247,F
7248,F
7249,F
7250,M
7251,M
7252,F
7253,F
7254,F
7255,F
7256,M
7257,F
7258,F
7259,M
7260,M
7261,M
7262,F
7263,F
7264,F
7265,F
7266,M
7267,M
7268,F
7269,F
7270,F
7271,M
7272,F
7273,M
7274,F
7275,M
7276,F
7277,F
7278,M
7279,M
7280,M
7281,F
7282,F
7283,M
7284,M
7285,M
7286,F
7287,M
7288,F
7289,M
7290,F
7291,F
7292,F
7293,M
7294,M
7295,M
7296,F
7297,F
7298,F
7299,F
7300,F
7301,M
7302,M
7303,F
7304,F
7305,F
7306,F
7307,F
7308,M
7309,M
7310,F
7311,M
7312,M
7313,M
7314,M
7315,M
7316,M
7317,M
7318,F
7319,F
7320,F
7321,F
7322,M
7323,M
7324,F
7325,M
7326,M
7327,F
7328,F
7329,F
7330,F
7331,F
7332,F
7333,F
7334,F
7335,M
7336,M
7337,M
7338,F
7339,F
7340,F
7341,M
7342,F
7343,M
7344,M
7345,M
7346,M
7347,F
7348,F
7349,F
7350,M
7351,F
7352,F
7353,M
7354,M
7355,F
7356,F
7357,F
7358,F
7359,M
7360,F
7361,M
7362,F
7363,F
7364,M
7365,F
7366,F
7367,M
7368,F
7369,M
7370,F
7371,M
7372,M
7373,M
7374,M
7375,F
7376,F
7377,M
7378,M
7379,F
7380,F
7381,M
7382,F
7383,M
7384,M
7385,F
7386,F
7387,M
7388,M
7389,F
7390,M
7391,M
7392,F
7393,F
7394,M
7395,M
7396,M
7397,M
7398,M
7399,M
7400,F
7401,M
7402,F
7403,M
7404,F
7405,F
7406,F
7407,M
7408,M
7409,M
7410,M
7411,F
7412,F
7413,F
7414,F
7415,M
7416,F
7417,F
7418,F
7419,F
7420,F
7421,M
7422,M
7423,M
7424,M
7425,M
7426,M
7427,F
7428,M
7429,F
7430,M
7431,M
7432,F
7433,M
7434,F
7435,M
7436,M
7437,F
7438,M
7439,M
7440,F
7441,M
7442,M
7443,F
7444,F
7445,F
7446,M
7447,F
7448,F
7449,F
7450,F
7451,F
7452,F
7453,M
7454,M
7455,M
7456,M
7457,M
7458,M
7459,F
7460,F
7461,M
7462,F
7463,F
7464,M
7465,M
7466,M
7467,M
7468,M
7469,F
7470,M
7471,F
7472,M
7473,F
7474,M
7475,M
7476,M
7477,M
7478,F
7479,M
7480,F
7481,M
7482,F
7483,M
7484,M
7485,M
7486,F
7487,M
7488,F
7489,M
7490,F
7491,F
7492,M
7493,F
7494,F
7495,M
7496,F
7497,F
7498,M
7499,F
7500,F
7501,F
7502,M
7503,F
7504,F
7505,M
7506,M
7507,M
7508,M
7509,F
7510,F
7511,F
7512,M
7513,M
7514,M
7515,M
7516,F
7517,M
7518,M
7519,M
7520,M
7521,F
7522,M
7523,F
7524,M
7525,F
7526,F
7527,M
7528,M
7529,F
7530,F
7531,F
7532,F
7533,M
7534,M
7535,F
7536,F
7537,M
7538,F
7539,F
7540,M
7541,M
7542,F
7543,F
7544,F
7545,M
7546,F
7547,F
7548,M
7549,F
7550,F
7551,F
7552,F
7553,M
7554,F
7555,M
7556,M
7557,M
7558,M
7559,M
7560,F
7561,M
7562,F
7563,F
7564,F
7565,M
7566,F
7567,M
7568,M
7569,M
7570,M
7571,F
7572,F
7573,F
7574,M
7575,F
7576,F
7577,M
7578,M
7579,M
7580,M
7581,M
7582,F
7583,M
7584,F
7585,F
7586,M
7587,F
7588,F
7589,M
7590,M
7591,M
7592,F
7593,F
7594,F
7595,F
7596,M
7597,F
7598,F
7599,F
7600,M
7601,M
7602,F
7603,F
7604,F
7605,F
7606,F
7607,M
7608,M
7609,M
7610,F
7611,M
7612,M
7613,M
7614,F
7615,M
7616,M
7617,M
7618,M
7619,F
7620,F
7621,F
7622,F
7623,M
7624,F
7625,F
7626,M
7627,F
7628,F
7629,F
7630,F
7631,M
7632,M
7633,F
7634,M
7635,M
7636,M
7637,F
7638,F
7639,F
7640,F
7641,F
7642,F
7643,F
7644,M
7645,M
7646,M
7647,M
7648,F
7649,F
7650,M
7651,F
7652,F
7653,F
7654,M
7655,M
7656,M
7657,M
7658,F
7659,M
7660,M
7661,F
7662,M
7663,F
7664,M
7665,F
7666,M
7667,F
7668,M
7669,F
7670,F
7671,M
7672,M
7673,F
7674,M
7675,F
7676,M
7677,M
7678,M
7679,F
7680,M
7681,F
7682,F
7683,M
7684,M
7685,F
7686,M
7687,M
7688,F
7689,M
7690,M
7691,M
7692,F
7693,M
7694,M
7695,M
7696,F
7697,M
7698,M
7699,M
7700,F
7701,M
7702,M
7703,F
7704,F
7705,M
7706,M
7707,M
7708,F
7709,F
7710,M
7711,M
7712,F
7713,M
7714,M
7715,M
7716,F
7717,M
7718,M
7719,F
7720,M
7721,F
7722,M
7723,F
7724,M
7725,F
7726,M
7727,F
7728,M
7729,F
7730,F
7731,F
7732,F
7733,F
7734,F
7735,M
7736,F
7737,M
7738,F
7739,M
7740,M
7741,F
7742,F
7743,M
7744,M
7745,M
7746,F
7747,F
7748,M
7749,F
7750,F
7751,M
7752,M
7753,M
7754,F
7755,M
7756,M
7757,F
7758,M
7759,M
7760,M
7761,F
7762,F
7763,F
7764,F
7765,F
7766,M
7767,M
7768,F
7769,M
7770,F
7771,M
7772,F
7773,F
7774,F
7775,F
7776,F
7777,M
7778,M
7779,F
7780,M
7781,M
7782,F
7783,F
7784,F
7785,M
7786,M
7787,F
7788,F
7789,F
7790,M
7791,M
7792,F
7793,F
7794,F
7795,M
7796,F
7797,M
7798,M
7799,F
7800,F
7801,M
7802,M
7803,F
7804,F
7805,F
7806,F
7807,F
7808,F
7809,M
7810,M
7811,M
7812,M
7813,F
7814,M
7815,M
7816,F
7817,M
7818,F
7819,M
7820,F
7821,M
7822,F
7823,M
7824,M
7825,M
7826,M
7827,M
7828,M
7829,M
7830,M
7831,M
7832,M
7833,F
7834,M
7835,F
7836,F
7837,F
7838,F
7839,M
7840,M
7841,M
7842,F
7843,F
7844,M
7845,F
7846,M
7847,M
7848,M
7849,F
7850,F
7851,M
7852,M
7853,F
7854,M
7855,F
7856,M
7857,M
7858,M
7859,M
7860,M
7861,M
7862,F
7863,F
7864,M
7865,M
7866,M
7867,M
7868,F
7869,M
7870,M
7871,F
7872,F
7873,F
7874,F
7875,M
7876,F
7877,F
7878,F
7879,M
7880,F
7881,M
7882,F
7883,M
7884,F
7885,M
7886,F
7887,F
7888,F
7889,F
7890,M
7891,M
7892,F
7893,F
7894,F
7895,M
7896,M
7897,F
7898,F
7899,F
7900,M
7901,F
7902,M
7903,M
7904,M
7905,M
7906,M
7907,F
7908,F
7909,F
7910,F
7911,M
7912,F
7913,F
7914,F
7915,M
7916,F
7917,M
7918,F
7919,F
7920,F
7921,M
7922,M
7923,F
7924,M
7925,M
7926,M
7927,M
7928,F
7929,F
7930,M
7931,M
7932,M
7933,M
7934,M
7935,F
7936,M
7937,M
7938,F
7939,M
7940,F
7941,M
7942,M
7943,F
7944,F
7945,F
7946,F
7947,F
7948,M
7949,M
7950,F
7951,F
7952,F
7953,F
7954,M
7955,F
7956,F
7957,F
7958,M
7959,M
7960,M
7961,F
7962,F
7963,M
7964,F
7965,M
7966,F
7967,M
7968,F
7969,F
7970,F
7971,F
7972,F
7973,F
7974,M
7975,F
7976,M
7977,F
7978,M
7979,F
7980,F
7981,F
7982,F
7983,M
7984,F
7985,M
7986,M
7987,M
7988,F
7989,F
7990,F
7991,F
7992,F
7993,M
7994,M
7995,M
7996,M
7997,F
7998,F
7999,M
8000,M
8001,F
8002,M
8003,F
8004,F
8005,M
8006,F
8007,F
8008,M
8009,M
8010,F
8011,F
8012,F
8013,F
8014,M
8015,M
8016,M
8017,F
8018,F
8019,M
8020,F
8021,F
8022,F
8023,M
8024,M
8025,M
8026,F
8027,M
8028,M
8029,F
8030,M
8031,M
8032,F
8033,F
8034,M
8035,M
8036,M
8037,M
8038,M
8039,M
8040,F
8041,M
8042,F
8043,M
8044,M
8045,F
8046,M
8047,F
8048,M
8049,M
8050,F
8051,M
8052,M
8053,F
8054,F
8055,M
8056,M
8057,F
8058,M
8059,F
8060,F
8061,M
8062,F
8063,M
8064,M
8065,F
8066,M
8067,F
8068,M
8069,F
8070,F
8071,F
8072,F
8073,M
8074,M
8075,M
8076,F
8077,M
8078,M
8079,F
8080,M
8081,M
8082,M
8083,M
8084,M
8085,F
8086,M
8087,F
8088,F
8089,F
8090,M
8091,F
8092,M
8093,M
8094,F
8095,F
8096,F
8097,M
8098,F
8099,M
8100,F
8101,F
8102,M
8103,M
8104,F
8105,F
8106,M
8107,F
8108,M
8109,M
8110,F
8111,F
8112,M
8113,F
8114,M
8115,M
8116,M
8117,M
8118,M
8119,M
8120,M
8121,M
8122,M
8123,M
8124,M
8125,M
8126,F
8127,M
8128,F
8129,F
8130,M
8131,M
8132,M
8133,F
8134,M
8135,F
8136,F
8137,F
8138,F
8139,F
8140,M
8141,F
8142,F
8143,F
8144,M
8145,M
8146,F
8147,F
8148,M
8149,M
8150,F
8151,M
8152,F
8153,F
8154,M
8155,F
8156,M
8157,M
8158,F
8159,M
8160,F
8161,F
8162,M
8163,M
8164,M
8165,M
8166,M
8167,F
8168,F
8169,F
8170,F
8171,F
8172,M
8173,F
8174,F
8175,F
8176,F
8177,F
8178,F
8179,F
8180,M
8181,M
8182,F
8183,F
8184,F
8185,F
8186,F
8187,M
8188,M
8189,F
8190,F
8191,F
8192,F
8193,F
8194,F
8195,M
8196,F
8197,M
8198,F
8199,F
8200,M
8201,M
8202,M
8203,F
8204,M
8205,F
8206,M
8207,M
8208,F
8209,M
8210,F
8211,F
8212,F
8213,M
8214,M
8215,M
8216,F
8217,M
8218,M
8219,F
8220,F
8221,M
8222,F
8223,F
8224,M
8225,M
8226,F
8227,F
8228,F
8229,F
8230,M
8231,F
8232,F
8233,M
8234,F
8235,F
8236,M
8237,F
8238,F
8239,F
8240,F
8241,F
8242,F
8243,F
8244,F
8245,M
8246,F
8247,M
8248,M
8249,M
8250,M
8251,M
8252,M
8253,F
8254,M
8255,M
8256,F
8257,M
8258,F
8259,F
8260,F
8261,F
8262,F
8263,M
8264,F
8265,M
8266,F
8267,M
8268,F
8269,F
8270,M
8271,F
8272,F
8273,M
8274,M
8275,M
8276,F
8277,F
8278,M
8279,F
8280,F
8281,M
8282,F
8283,F
8284,M
8285,M
8286,F
8287,F
8288,F
8289,F
8290,M
8291,M
8292,M
8293,F
8294,M
8295,F
8296,M
8297,M
8298,M
8299,M
8300,F
8301,M
8302,F
8303,F
8304,M
8305,M
8306,M
8307,F
8308,M
8309,F
8310,F
8311,F
8312,F
8313,M
8314,F
8315,F
8316,M
8317,F
8318,M
8319,M
8320,M
8321,M
8322,M
8323,M
8324,F
8325,M
8326,F
8327,M
8328,M
8329,M
8330,M
8331,M
8332,M
8333,F
8334,M
8335,M
8336,F
8337,F
8338,M
8339,M
8340,M
8341,F
8342,F
8343,M
8344,F
8345,M
8346,M
8347,F
8348,F
8349,M
8350,F
8351,F
8352,M
8353,M
8354,M
8355,F
8356,M
8357,F
8358,F
8359,M
8360,F
8361,F
8362,F
8363,F
8364,F
8365,F
8366,M
8367,F
8368,F
8369,F
8370,M
8371,M
8372,F
8373,F
8374,F
8375,F
8376,M
8377,M
8378,M
8379,M
8380,M
8381,F
8382,M
8383,F
8384,M
8385,M
8386,F
8387,M
8388,M
8389,F
8390,F
8391,M
8392,F
8393,M
8394,M
8395,M
8396,F
8397,F
8398,F
8399,F
8400,F
8401,M
8402,M
8403,M
8404,M
8405,M
8406,F
8407,F
8408,F
8409,F
8410,F
8411,F
8412,F
8413,M
8414,M
8415,M
8416,F
8417,M
8418,M
8419,M
8420,F
8421,F
8422,M
8423,F
8424,M
8425,M
8426,M
8427,F
8428,M
8429,M
8430,F
8431,M
8432,F
8433,M
8434,F
8435,F
8436,M
8437,M
8438,F
8439,F
8440,M
8441,M
8442,M
8443,M
8444,M
8445,F
8446,M
8447,F
8448,F
8449,F
8450,M
8451,M
8452,M
8453,M
8454,F
8455,M
8456,F
8457,M
8458,F
8459,F
8460,M
8461,M
8462,F
8463,F
8464,F
8465,F
8466,M
8467,M
8468,M
8469,M
8470,M
8471,F
8472,M
8473,F
8474,F
8475,M
8476,F
8477,M
8478,F
8479,F
8480,M
8481,F
8482,M
8483,F
8484,F
8485,F
8486,F
8487,M
8488,F
8489,M
8490,F
8491,M
8492,F
8493,M
8494,M
8495,F
8496,M
8497,M
8498,F
8499,F
8500,F
8501,F
8502,M
8503,F
8504,M
8505,F
8506,M
8507,F
8508,F
8509,F
8510,F
8511,F
8512,F
8513,M
8514,F
8515,M
8516,M
8517,F
8518,M
8519,F
8520,M
8521,F
8522,M
8523,F
8524,M
8525,M
8526,F
8527,M
8528,M
8529,M
8530,M
8531,F
8532,M
8533,M
8534,F
8535,F
8536,F
8537,M
8538,M
8539,M
8540,M
8541,M
8542,M
8543,M
8544,F
8545,M
8546,F
8547,M
8548,F
8549,F
8550,M
8551,F
8552,M
8553,F
8554,F
8555,F
8556,M
8557,M
8558,M
8559,F
8560,M
8561,F
8562,M
8563,F
8564,F
8565,F
8566,M
8567,M
8568,F
8569,F
8570,M
8571,F
8572,F
8573,M
8574,F
8575,F
8576,F
8577,F
8578,M
8579,F
8580,F
8581,F
8582,M
8583,M
8584,M
8585,F
8586,M
8587,M
8588,F
8589,M
8590,M
8591,M
8592,F
8593,F
8594,F
8595,F
8596,M
8597,F
8598,M
8599,M
8600,M
8601,M
8602,F
8603,M
8604,F
8605,F
8606,M
8607,M
8608,F
8609,M
8610,M
8611,M
8612,M
8613,M
8614,M
8615,M
8616,M
8617,F
8618,F
8619,M
8620,M
8621,M
8622,M
8623,M
8624,F
8625,M
8626,F
8627,M
8628,F
8629,F
8630,F
8631,F
8632,F
8633,M
8634,F
8635,F
8636,F
8637,M
8638,F
8639,M
8640,M
8641,M
8642,F
8643,M
8644,F
8645,F
8646,F
8647,M
8648,M
8649,M
8650,F
8651,F
8652,F
8653,F
8654,F
8655,F
8656,M
8657,M
8658,M
8659,M
8660,M
8661,M
8662,M
8663,M
8664,M
8665,M
8666,F
8667,F
8668,M
8669,M
8670,M
8671,M
8672,M
8673,M
8674,M
8675,M
8676,M
8677,M
8678,F
8679,M
8680,M
8681,F
8682,M
8683,M
8684,F
8685,M
8686,M
8687,F
8688,F
8689,M
8690,F
8691,M
8692,F
8693,M
8694,M
8695,F
8696,F
8697,M
8698,M
8699,F
8700,F
8701,F
8702,F
8703,M
8704,F
8705,M
8706,F
8707,F
8708,M
8709,F
8710,M
8711,F
8712,F
8713,F
8714,M
8715,M
8716,F
8717,M
8718,M
8719,F
8720,F
8721,M
8722,F
8723,F
8724,F
8725,M
8726,F
8727,F
8728,M
8729,M
8730,F
8731,M
8732,F
8733,F
8734,M
8735,F
8736,M
8737,F
8738,F
8739,F
8740,M
8741,M
8742,M
8743,M
8744,F
8745,M
8746,M
8747,M
8748,M
8749,M
8750,F
8751,F
8752,F
8753,F
8754,F
8755,F
8756,M
8757,F
8758,F
8759,F
8760,M
8761,F
8762,F
8763,M
8764,F
8765,M
8766,M
8767,M
8768,M
8769,M
8770,F
8771,F
8772,M
8773,F
8774,M
8775,F
8776,M
8777,M
8778,F
8779,M
8780,F
8781,M
8782,M
8783,M
8784,F
8785,F
8786,M
8787,F
8788,M
8789,F
8790,F
8791,F
8792,F
8793,M
8794,F
8795,M
8796,M
8797,M
8798,F
8799,M
8800,M
8801,F
8802,M
8803,M
8804,F
8805,F
8806,F
8807,F
8808,F
8809,F
8810,F
8811,F
8812,F
8813,F
8814,F
8815,F
8816,F
8817,M
8818,F
8819,F
8820,M
8821,M
8822,F
8823,M
8824,M
8825,M
8826,M
8827,F
8828,M
8829,F
8830,F
8831,F
8832,F
8833,F
8834,F
8835,F
8836,M
8837,M
8838,M
8839,M
8840,F
8841,F
8842,M
8843,M
8844,F
8845,M
8846,F
8847,F
8848,F
8849,M
8850,F
8851,F
8852,M
8853,F
8854,M
8855,F
8856,F
8857,M
8858,M
8859,M
8860,M
8861,F
8862,M
8863,M
8864,F
8865,M
8866,F
8867,M
8868,F
8869,F
8870,M
8871,F
8872,M
8873,M
8874,M
8875,M
8876,M
8877,M
8878,M
8879,F
8880,M
8881,M
8882,M
8883,M
8884,F
8885,F
8886,M
8887,F
8888,F
8889,M
8890,M
8891,M
8892,F
8893,F
8894,M
8895,M
8896,M
8897,M
8898,F
8899,F
8900,M
8901,M
8902,M
8903,F
8904,F
8905,M
8906,F
8907,F
8908,M
8909,M
8910,M
8911,F
8912,F
8913,F
8914,M
8915,M
8916,M
8917,F
8918,M
8919,F
8920,F
8921,M
8922,F
8923,F
8924,M
8925,M
8926,M
8927,M
8928,F
8929,M
8930,F
8931,F
8932,M
8933,M
8934,F
8935,F
8936,M
8937,F
8938,M
8939,F
8940,F
8941,F
8942,F
8943,M
8944,F
8945,F
8946,M
8947,F
8948,M
8949,M
8950,M
8951,M
8952,M
8953,F
8954,M
8955,F
8956,M
8957,M
8958,M
8959,F
8960,F
8961,M
8962,F
8963,F
8964,F
8965,F
8966,M
8967,M
8968,M
8969,F
8970,F
8971,M
8972,M
8973,F
8974,F
8975,M
8976,M
8977,F
8978,M
8979,F
8980,M
8981,F
8982,F
8983,F
8984,M
8985,F
8986,F
8987,M
8988,F
8989,F
8990,M
8991,M
8992,M
8993,F
8994,F
8995,F
8996,M
8997,M
8998,F
8999,F
9000,F
9001,M
9002,F
9003,M
9004,M
9005,F
9006,F
9007,M
9008,M
9009,M
9010,F
9011,F
9012,F
9013,M
9014,M
9015,M
9016,F
9017,F
9018,F
9019,M
9020,M
9021,M
9022,M
9023,F
9024,M
9025,M
9026,F
9027,F
9028,M
9029,M
9030,M
9031,M
9032,F
9033,M
9034,F
9035,F
9036,F
9037,M
9038,F
9039,F
9040,F
9041,M
9042,F
9043,F
9044,F
9045,F
9046,F
9047,M
9048,F
9049,F
9050,F
9051,F
9052,F
9053,F
9054,M
9055,F
9056,M
9057,M
9058,M
9059,M
9060,F
9061,F
9062,F
9063,M
9064,M
9065,M
9066,F
9067,M
9068,M
9069,F
9070,F
9071,F
9072,M
9073,F
9074,M
9075,M
9076,F
9077,F
9078,F
9079,M
9080,F
9081,M
9082,F
9083,M
9084,F
9085,F
9086,M
9087,M
9088,F
9089,F
9090,M
9091,F
9092,F
9093,M
9094,M
9095,F
9096,M
9097,F
9098,M
9099,M
9100,F
9101,M
9102,F
9103,M
9104,F
9105,F
9106,M
9107,F
9108,M
9109,F
9110,F
9111,F
9112,M
9113,M
9114,M
9115,M
9116,F
9117,M
9118,M
9119,M
9120,M
9121,F
9122,M
9123,F
9124,M
9125,M
9126,M
9127,M
9128,M
9129,M
9130,M
9131,F
9132,M
9133,F
9134,M
9135,M
9136,M
9137,M
9138,M
9139,F
9140,M
9141,F
9142,M
9143,F
9144,F
9145,M
9146,M
9147,M
9148,F
9149,M
9150,F
9151,F
9152,F
9153,F
9154,M
9155,F
9156,F
9157,F
9158,F
9159,F
9160,F
9161,M
9162,M
9163,M
9164,F
9165,F
9166,M
9167,M
9168,F
9169,M
9170,M
9171,F
9172,M
9173,M
9174,F
9175,M
9176,F
9177,F
9178,M
9179,F
9180,F
9181,M
9182,M
9183,M
9184,F
9185,M
9186,F
9187,M
9188,F
9189,M
9190,M
9191,F
9192,M
9193,F
9194,F
9195,M
9196,M
9197,M
9198,F
9199,F
9200,M
9201,M
9202,M
9203,M
9204,F
9205,F
9206,M
9207,M
9208,M
9209,F
9210,F
9211,F
9212,M
9213,M
9214,F
9215,F
9216,F
9217,F
9218,F
9219,F
9220,M
9221,F
9222,M
9223,F
9224,M
9225,M
9226,M
9227,M
9228,F
9229,M
9230,M
9231,F
9232,F
9233,M
9234,M
9235,F
9236,F
9237,F
9238,F
9239,M
9240,M
9241,M
9242,F
9243,F
9244,F
9245,F
9246,F
9247,M
9248,M
9249,F
9250,M
9251,F
9252,F
9253,M
9254,F
9255,F
9256,M
9257,M
9258,M
9259,F
9260,F
9261,F
9262,F
9263,M
9264,F
9265,F
9266,M
9267,M
9268,M
9269,F
9270,M
9271,F
9272,F
9273,F
9274,M
9275,F
9276,F
9277,M
9278,M
9279,M
9280,M
9281,M
9282,M
9283,F
9284,F
9285,M
9286,M
9287,M
9288,F
9289,M
9290,F
9291,M
9292,F
9293,F
9294,F
9295,M
9296,M
9297,F
9298,M
9299,M
9300,F
9301,M
9302,F
9303,M
9304,F
9305,M
9306,F
9307,M
9308,F
9309,F
9310,M
9311,F
9312,M
9313,F
9314,F
9315,F
9316,M
9317,F
9318,F
9319,F
9320,F
9321,F
9322,M
9323,F
9324,M
9325,F
9326,M
9327,M
9328,F
9329,M
9330,M
9331,M
9332,M
9333,M
9334,M
9335,F
9336,F
9337,M
9338,F
9339,M
9340,M
9341,F
9342,F
9343,F
9344,F
9345,F
9346,M
9347,F
9348,F
9349,M
9350,F
9351,M
9352,F
9353,M
9354,F
9355,M
9356,M
9357,M
9358,F
9359,M
9360,M
9361,M
9362,F
9363,M
9364,F
9365,M
9366,M
9367,M
9368,F
9369,F
9370,F
9371,F
9372,F
9373,F
9374,F
9375,F
9376,M
9377,M
9378,F
9379,F
9380,M
9381,F
9382,F
9383,F
9384,F
9385,F
9386,F
9387,F
9388,M
9389,M
9390,M
9391,F
9392,F
9393,M
9394,M
9395,M
9396,M
9397,F
9398,M
9399,M
9400,M
9401,M
9402,F
9403,M
9404,M
9405,F
9406,F
9407,M
9408,M
9409,M
9410,F
9411,M
9412,F
9413,M
9414,M
9415,F
9416,F
9417,M
9418,F
9419,M
9420,M
9421,M
9422,F
9423,M
9424,F
9425,F
9426,F
9427,F
9428,M
9429,F
9430,M
9431,F
9432,F
9433,F
9434,M
9435,F
9436,F
9437,M
9438,F
9439,F
9440,M
9441,M
9442,M
9443,M
9444,F
9445,M
9446,M
9447,F
9448,M
9449,F
9450,M
9451,M
9452,F
9453,M
9454,F
9455,M
9456,F
9457,F
9458,M
9459,M
9460,F
9461,F
9462,F
9463,F
9464,M
9465,F
9466,M
9467,M
9468,M
9469,M
9470,M
9471,F
9472,M
9473,M
9474,M
9475,M
9476,M
9477,F
9478,F
9479,M
9480,M
9481,F
9482,F
9483,F
9484,F
9485,F
9486,F
9487,F
9488,M
9489,F
9490,F
9491,F
9492,M
9493,M
9494,F
9495,F
9496,M
9497,M
9498,F
9499,F
9500,M
9501,M
9502,F
9503,F
9504,F
9505,M
9506,M
9507,F
9508,F
9509,F
9510,M
9511,F
9512,F
9513,F
9514,F
9515,M
9516,F
9517,M
9518,F
9519,M
9520,M
9521,F
9522,F
9523,F
9524,F
9525,F
9526,M
9527,M
9528,M
9529,F
9530,M
9531,M
9532,M
9533,F
9534,M
9535,M
9536,M
9537,M
9538,F
9539,M
9540,F
9541,M
9542,M
9543,M
9544,F
9545,M
9546,F
9547,M
9548,M
9549,M
9550,F
9551,M
9552,F
9553,M
9554,M
9555,F
9556,M
9557,F
9558,M
9559,F
9560,M
9561,M
9562,M
9563,F
9564,F
9565,F
9566,F
9567,F
9568,M
9569,F
9570,F
9571,F
9572,F
9573,F
9574,F
9575,F
9576,F
9577,F
9578,F
9579,F
9580,F
9581,M
9582,F
9583,F
9584,F
9585,F
9586,M
9587,M
9588,M
9589,M
9590,F
9591,F
9592,F
9593,F
9594,M
9595,M
9596,M
9597,M
9598,M
9599,M
9600,M
9601,F
9602,M
9603,M
9604,M
9605,F
9606,M
9607,M
9608,M
9609,M
9610,M
9611,M
9612,F
9613,M
9614,M
9615,F
9616,F
9617,F
9618,M
9619,F
9620,M
9621,F
9622,F
9623,F
9624,M
9625,F
9626,M
9627,F
9628,F
9629,F
9630,F
9631,F
9632,M
9633,F
9634,F
9635,M
9636,F
9637,F
9638,M
9639,F
9640,F
9641,F
9642,M
9643,F
9644,F
9645,F
9646,M
9647,F
9648,F
9649,F
9650,M
9651,F
9652,M
9653,F
9654,F
9655,F
9656,F
9657,F
9658,M
9659,F
9660,F
9661,F
9662,F
9663,M
9664,M
9665,M
9666,F
9667,F
9668,M
9669,M
9670,F
9671,F
9672,F
9673,F
9674,M
9675,F
9676,F
9677,F
9678,M
9679,F
9680,M
9681,F
9682,M
9683,F
9684,F
9685,F
9686,M
9687,M
9688,M
9689,F
9690,M
9691,F
9692,F
9693,M
9694,F
9695,F
9696,M
9697,F
9698,F
9699,M
9700,F
9701,M
9702,M
9703,M
9704,F
9705,M
9706,F
9707,F
9708,M
9709,M
9710,F
9711,M
9712,M
9713,F
9714,M
9715,F
9716,M
9717,F
9718,F
9719,F
9720,M
9721,F
9722,F
9723,M
9724,F
9725,M
9726,F
9727,F
9728,F
9729,M
9730,F
9731,M
9732,M
9733,M
9734,F
9735,M
9736,M
9737,M
9738,F
9739,M
9740,M
9741,M
9742,M
9743,M
9744,F
9745,F
9746,F
9747,M
9748,M
9749,M
9750,M
9751,M
9752,F
9753,F
9754,F
9755,F
9756,F
9757,M
9758,F
9759,F
9760,F
9761,F
9762,F
9763,F
9764,M
9765,M
9766,M
9767,M
9768,M
9769,M
9770,F
9771,M
9772,F
9773,M
9774,M
9775,F
9776,F
9777,M
9778,F
9779,M
9780,M
9781,M
9782,F
9783,F
9784,M
9785,M
9786,F
9787,F
9788,F
9789,M
9790,F
9791,F
9792,M
9793,M
9794,F
9795,F
9796,F
9797,M
9798,M
9799,M
9800,F
9801,M
9802,F
9803,F
9804,M
9805,M
9806,F
9807,F
9808,M
9809,M
9810,F
9811,M
9812,F
9813,F
9814,F
9815,M
9816,M
9817,M
9818,F
9819,F
9820,M
9821,F
9822,F
9823,M
9824,F
9825,M
9826,F
9827,M
9828,F
9829,F
9830,M
9831,M
9832,F
9833,F
9834,F
9835,M
9836,F
9837,M
9838,M
9839,M
9840,M
9841,F
9842,M
9843,M
9844,M
9845,M
9846,M
9847,M
9848,M
9849,M
9850,F
9851,F
9852,M
9853,F
9854,F
9855,M
9856,M
9857,M
9858,F
9859,M
9860,M
9861,M
9862,M
9863,F
9864,M
9865,F
9866,F
9867,F
9868,M
9869,M
9870,M
9871,M
9872,M
9873,M
9874,M
9875,M
9876,M
9877,M
9878,F
9879,F
9880,M
9881,F
9882,F
9883,M
9884,M
9885,M
9886,M
9887,M
9888,F
9889,F
9890,M
9891,F
9892,M
9893,F
9894,F
9895,F
9896,F
9897,F
9898,F
9899,F
9900,M
9901,M
9902,M
9903,F
9904,F
9905,F
9906,M
9907,F
9908,M
9909,M
9910,M
9911,F
9912,F
9913,M
9914,F
9915,F
9916,F
9917,F
9918,F
9919,F
9920,M
9921,M
9922,F
9923,M
9924,M
9925,M
9926,F
9927,F
9928,M
9929,M
9930,F
9931,M
9932,F
9933,F
9934,M
9935,F
9936,M
9937,F
9938,F
9939,M
9940,F
9941,M
9942,F
9943,F
9944,F
9945,F
9946,F
9947,M
9948,F
9949,F
9950,F
9951,M
9952,M
9953,F
9954,M
9955,M
9956,F
9957,M
9958,M
9959,M
9960,M
9961,F
9962,M
9963,M
9964,M
9965,F
9966,M
9967,F
9968,M
9969,F
9970,F
9971,F
9972,F
9973,F
9974,F
9975,M
9976,F
9977,M
9978,M
9979,F
9980,M
9981,F
9982,M
9983,F
9984,M
9985,F
9986,M
9987,M
9988,F
9989,M
9990,F
9991,M
9992,F
9993,F
9994,M
9995,M
9996,F
9997,M
9998,M
9999,M
